x,value
0,NA
0.645,NA
1.29,NA
1.935,NA
2.58,NA
3.225,NA
3.87,NA
4.515,NA
5.16,NA
5.805,NA
6.45,NA
7.095,NA
7.74,NA
8.385,NA
9.03,NA
9.675,NA
10.32,NA
10.965,NA
11.61,NA
12.255,NA
12.9,NA
13.545,NA
14.19,NA
14.835,NA
15.48,NA
16.125,NA
16.77,NA
17.415,NA
18.06,NA
18.705,NA
19.35,NA
19.995,NA
20.64,NA
21.285,NA
21.93,NA
22.575,NA
23.22,NA
23.865,NA
24.51,NA
25.155,NA
25.8,NA
26.445,NA
27.09,NA
27.735,NA
28.38,9.215558
29.025,9.083501667
29.67,9.617718143
30.315,11.3951098
30.96,10.8558197
31.605,10.2474619
32.25,10.3104568
32.895,10.3634568
33.54,10.415951
34.185,10.4732293
34.83,10.5413384
35.475,10.6289564
36.12,10.7332585
36.765,10.8259099
37.41,10.8919305
38.055,10.997921
38.7,11.3097813
39.345,11.774786
39.99,12.0194844
40.635,12.0915681
41.28,12.1136429
41.925,12.148003
42.57,12.2311055
43.215,12.3699043
43.86,12.5367043
44.505,12.7061091
45.15,12.8677735
45.795,13.0045455
46.44,13.1028854
47.085,13.1721242
47.73,13.2349055
48.375,13.3074636
49.02,13.3850872
49.665,13.4452427
50.31,13.4698296
50.955,13.4621246
51.6,13.4469296
52.245,13.456117
52.89,13.4633605
53.535,13.956324
54.18,13.47465071
54.825,12.68154671
55.47,11.45600275
56.115,10.13637583
56.76,8.881954667
57.405,8.501015
58.05,7.577765143
58.695,6.871646667
59.34,6.3043175
59.985,5.9656757
60.63,5.7223795
61.275,5.4980314
61.92,5.2794083
62.565,5.0743462
63.21,4.811728
63.855,4.4732873
64.5,4.1537938
65.145,3.9245926
65.79,3.7783732
66.435,3.6792437
67.08,3.52336
67.725,2.9385741
68.37,1.7520806
69.015,1.2708783
69.66,1.1886807
70.305,1.1905401
70.95,1.1723527
71.595,1.0405396
72.24,0.861435333
72.885,NA
73.53,NA
74.175,NA
74.82,NA
75.465,NA
76.11,NA
76.755,NA
77.4,NA
78.045,NA
78.69,NA
79.335,NA
79.98,NA
80.625,NA
81.27,NA
81.915,NA
82.56,0.8801615
83.205,1.4083825
83.85,NA
84.495,NA
85.14,NA
85.785,NA
86.43,NA
87.075,NA
87.72,3.827233
88.365,3.183665333
89.01,1.750665667
89.655,1.1539475
90.3,0.9544165
90.945,1.073414875
91.59,1.141470875
92.235,1.016288
92.88,0.928540286
93.525,0.8537012
94.17,0.860292
94.815,0.851696143
95.46,1.063146875
96.105,1.42615325
96.75,1.991434429
97.395,2.808725167
98.04,4.287014
98.685,NA
99.33,NA
99.975,NA
100.62,NA
101.265,NA
101.91,NA
102.555,NA
103.2,NA
103.845,NA
104.49,NA
105.135,NA
105.78,NA
106.425,NA
107.07,NA
107.715,NA
108.36,NA
109.005,NA
109.65,NA
110.295,NA
110.94,NA
111.585,NA
112.23,NA
112.875,NA
113.52,NA
114.165,NA
114.81,NA
115.455,NA
116.1,NA
116.745,NA
117.39,NA
118.035,NA
118.68,NA
119.325,NA
119.97,NA
120.615,NA
121.26,NA
121.905,NA
122.55,NA
123.195,NA
123.84,NA
124.485,NA
125.13,NA
125.775,NA
126.42,NA
127.065,NA
127.71,NA
128.355,NA
129,NA
129.645,NA
130.29,NA
130.935,NA
131.58,NA
132.225,NA
132.87,NA
133.515,NA
134.16,0.6017629
134.805,0.8093642
135.45,1.0689106
136.095,1.3058652
136.74,1.4405677
137.385,1.4819438
138.03,1.5073659
138.675,1.5973698
139.32,1.802087
139.965,2.1030012
140.61,2.4324456
141.255,2.7437699
141.9,2.9485199
142.545,3.0298082
143.19,3.065423
143.835,3.1004852
144.48,3.1596012
145.125,3.2624204
145.77,3.394902667
146.415,3.575404
147.06,3.7728
147.705,3.967469143
148.35,4.136213
148.995,4.299436
149.64,4.4247565
150.285,4.6909736
150.93,4.8804258
151.575,5.126754
152.22,5.4029973
152.865,5.6588864
153.51,5.8822774
154.155,6.0600087
154.8,6.2007169
155.445,6.3245866
156.09,6.4372207
156.735,6.5415051
157.38,6.6505952
158.025,6.789129
158.67,6.9584517
159.315,7.1217082
159.96,7.2608022
160.605,7.3932896
161.25,7.5371743
161.895,7.6731183
162.54,7.7465782
163.185,7.7416108
163.83,7.7002025
164.475,7.6695088
165.12,7.6718449
165.765,7.7069958
166.41,7.7709931
167.055,7.8607904
167.7,7.9753124
168.345,8.1189648
168.99,8.2932842
169.635,8.4679532
170.28,8.535594
170.925,8.4731773
171.57,8.4011603
172.215,8.3454587
172.86,8.297359
173.505,8.2664854
174.15,8.2671779
174.795,8.2977332
175.44,8.3493055
176.085,8.4221198
176.73,8.519632
177.375,8.6298276
178.02,8.7433625
178.665,8.8780312
179.31,9.0187393
179.955,9.1323003
180.6,9.2252548
181.245,9.3244619
181.89,9.4834897
182.535,9.7678891
183.18,10.1578892
183.825,10.5017584
184.47,10.7432817
185.115,10.9372078
185.76,11.1291025
186.405,11.3170368
187.05,11.5059956
187.695,11.7245351
188.34,11.9552976
188.985,12.1603188
189.63,12.3506671
190.275,12.5384476
190.92,12.6742595
191.565,12.7235302
192.21,12.7195968
192.855,12.7040195
193.5,12.7137177
194.145,12.7835916
194.79,12.9413201
195.435,13.1828819
196.08,13.4281513
196.725,13.5734311
197.37,13.6332836
198.015,13.7072808
198.66,13.8831084
199.305,14.1670243
199.95,14.406149
200.595,14.5281765
201.24,14.5913308
201.885,14.6521683
202.53,14.7351823
203.175,14.8381307
203.82,14.9351761
204.465,14.9968943
205.11,15.0152862
205.755,14.9904329
206.4,14.954821
207.045,14.9664498
207.69,15.046991
208.335,15.1950524
208.98,15.3854832
209.625,15.5799939
210.27,15.7574285
210.915,15.9478535
211.56,16.1691659
212.205,16.3758064
212.85,16.5506809
213.495,16.7273141
214.14,16.9212413
214.785,17.1041929
215.43,17.2453541
216.075,17.3557361
216.72,17.4661301
217.365,17.5993038
218.01,17.7694822
218.655,17.9769073
219.3,18.1819988
219.945,18.3310276
220.59,18.4455113
221.235,18.5864822
221.88,18.7631373
222.525,18.9326065
223.17,19.0507393
223.815,19.1194874
224.46,19.1647011
225.105,19.2140684
225.75,19.309874
226.395,19.5172605
227.04,19.8258922
227.685,20.0836198
228.33,20.2212265
228.975,20.2917198
229.62,20.3596138
230.265,20.475687
230.91,20.6773469
231.555,20.9087314
232.2,21.0722407
232.845,21.182944
233.49,21.2908375
234.135,21.410666
234.78,21.5309815
235.425,21.6441956
236.07,21.7756673
236.715,21.9843493
237.36,22.3031714
238.005,22.6039853
238.65,22.7706568
239.295,22.8451397
239.94,22.8838355
240.585,22.9246716
241.23,22.9859719
241.875,23.0744603
242.52,23.2043653
243.165,23.4163225
243.81,23.7053596
244.455,23.8840955
245.1,23.9047687
245.745,23.8991524
246.39,23.9462839
247.035,24.045389
247.68,24.1577202
248.325,24.2536307
248.97,24.3023957
249.615,24.2840215
250.26,24.2535179
250.905,24.2638257
251.55,24.3063766
252.195,24.3555206
252.84,24.384561
253.485,24.3776471
254.13,24.3572835
254.775,24.3586833
255.42,24.4066528
256.065,24.5512455
256.71,24.8590995
257.355,25.2202286
258,25.4279342
258.645,25.5145928
259.29,25.5617449
259.935,25.6169977
260.58,25.6949406
261.225,25.7891843
261.87,25.9006864
262.515,26.026493
263.16,26.1378774
263.805,26.2090169
264.45,26.2462438
265.095,26.2768259
265.74,26.3353972
266.385,26.4556303
267.03,26.6526284
267.675,26.9164979
268.32,27.1895138
268.965,27.3812623
269.61,27.5112156
270.255,27.6433262
270.9,27.7968654
271.545,27.9552314
272.19,28.1125054
272.835,28.296975
273.48,28.5209244
274.125,28.7361635
274.77,28.8971666
275.415,29.0085462
276.06,29.0988197
276.705,29.2082738
277.35,29.3862321
277.995,29.6668279
278.64,30.0016245
279.285,30.2871493
279.93,30.5011495
280.575,30.6646345
281.22,30.7945531
281.865,30.9088272
282.51,31.039284
283.155,31.1499746
283.8,31.1963695
284.445,31.1950629
285.09,31.1846665
285.735,31.1978664
286.38,31.2465394
287.025,31.3261263
287.67,31.4306649
288.315,31.564591
288.96,31.7292312
289.605,31.8893617
290.25,31.9673279
290.895,31.9169839
291.54,31.783881
292.185,31.6499007
292.83,31.5664947
293.475,31.5654584
294.12,31.6593537
294.765,31.7705913
295.41,31.7840402
296.055,31.7261682
296.7,31.6735114
297.345,31.6659925
297.99,31.7050651
298.635,31.7677087
299.28,31.8389579
299.925,31.9283609
300.57,32.038538
301.215,32.1315266
301.86,32.1774782
302.505,32.1870717
303.15,32.1976746
303.795,32.253299
304.44,32.3493335
305.085,32.4424244
305.73,32.5443988
306.375,32.7081815
307.02,32.9488133
307.665,33.1944905
308.31,33.3624666
308.955,33.459847
309.6,33.5400744
310.245,33.6646754
310.89,33.8579986
311.535,34.0537748
312.18,34.1799623
312.825,34.2438042
313.47,34.2918912
314.115,34.3662207
314.76,34.4905843
315.405,34.6818735
316.05,34.9500998
316.695,35.2678562
317.34,35.5117238
317.985,35.5430625
318.63,35.4721569
319.275,35.4270787
319.92,35.5023294
320.565,35.7835406
321.21,36.2887966
321.855,36.9297038
322.5,37.3762594
323.145,37.64255125
323.79,37.81200738
324.435,37.9257909
325.08,37.8718604
325.725,37.6685944
326.37,37.4393003
327.015,37.2866235
327.66,37.2655565
328.305,37.3991741
328.95,37.6419912
329.595,37.8560211
330.24,37.9663381
330.885,38.006184
331.53,38.0066502
332.175,37.9689821
332.82,37.9023607
333.465,37.8534751
334.11,37.8608248
334.755,37.9247171
335.4,38.0209654
336.045,38.1135094
336.69,38.1917186
337.335,38.2762128
337.98,38.3784728
338.625,38.488867
339.27,38.6018965
339.915,38.7189976
340.56,38.8230755
341.205,38.8867733
341.85,38.9182174
342.495,38.9712432
343.14,39.0907148
343.785,39.2733081
344.43,39.4791675
345.075,39.6568424
345.72,39.8101295
346.365,39.9585438
347.01,40.1099968
347.655,40.292252
348.3,40.5874909
348.945,41.033406
349.59,41.41292356
350.235,41.6483822
350.88,41.742556
351.525,41.7749183
352.17,41.8083417
352.815,41.8798078
353.46,41.980618
354.105,42.0604137
354.75,42.0856706
355.395,42.0701703
356.04,42.0333302
356.685,41.9957939
357.33,41.9889257
357.975,42.0199928
358.62,42.0720943
359.265,42.1354801
359.91,42.2212948
360.555,42.354379
361.2,42.5170266
361.845,42.6017799
362.49,42.5928801
363.135,42.5974043
363.78,42.654375
364.425,42.7623867
365.07,42.9197311
365.715,43.120373
366.36,43.3195977
367.005,43.4461093
367.65,43.4969097
368.295,43.4943928
368.94,43.4516061
369.585,43.3881381
370.23,43.3358878
370.875,43.311345
371.52,43.3131587
372.165,43.351505
372.81,43.4465834
373.455,43.5969619
374.1,43.7655678
374.745,43.926037
375.39,44.1001758
376.035,44.3013117
376.68,44.4838656
377.325,44.5905188
377.97,44.6173802
378.615,44.6119894
379.26,44.6306398
379.905,44.7211313
380.55,44.9087555
381.195,45.1419594
381.84,45.3302241
382.485,45.4544153
383.13,45.5529693
383.775,45.6540287
384.42,45.7476754
385.065,45.8114643
385.71,45.8558568
386.355,45.9153946
387,46.0236573
387.645,46.1816323
388.29,46.3284038
388.935,46.4287092
389.58,46.5260916
390.225,46.6771733
390.87,46.9007385
391.515,47.1500477
392.16,47.3586645
392.805,47.5429582
393.45,47.7975589
394.095,48.2243934
394.74,48.6533965
395.385,48.8530741
396.03,48.9459908
396.675,49.0351873
397.32,49.1376976
397.965,49.2638381
398.61,49.3989796
399.255,49.4871365
399.9,49.5272919
400.545,49.5760128
401.19,49.6734504
401.835,49.8220511
402.48,50.0066896
403.125,50.2149194
403.77,50.4620461
404.415,50.8990054
405.06,51.4761319
405.705,51.752574
406.35,51.8478068
406.995,51.9106513
407.64,51.9357627
408.285,51.9208693
408.93,51.8570279
409.575,51.7553408
410.22,51.6854295
410.865,51.7287787
411.51,51.9050824
412.155,52.1461781
412.8,52.3918682
413.445,52.6142485
414.09,52.75072
414.735,52.7702035
415.38,52.7490854
416.025,52.7889745
416.67,52.9276103
417.315,53.1523654
417.96,53.4125574
418.605,53.644165
419.25,53.8471263
419.895,54.1206235
420.54,54.4745271
421.185,54.7448297
421.83,54.8504887
422.475,54.8576243
423.12,54.8481725
423.765,54.8733643
424.41,54.9372713
425.055,55.0259446
425.7,55.1244669
426.345,55.2118165
426.99,55.2819799
427.635,55.3428302
428.28,55.4110822
428.925,55.5417324
429.57,55.8552663
430.215,56.3670764
430.86,56.763362
431.505,56.9103063
432.15,56.9358
432.795,56.9457851
433.44,56.9959375
434.085,57.1256112
434.73,57.3645879
435.375,57.6766884
436.02,57.9300068
436.665,58.0613011
437.31,58.125304
437.955,58.1956231
438.6,58.3294623
439.245,58.5657781
439.89,58.9112913
440.535,59.3075359
441.18,59.6698371
441.825,59.9836163
442.47,60.294033
443.115,60.5806972
443.76,60.7619944
444.405,60.8232275
445.05,60.8237564
445.695,60.8250781
446.34,60.8628403
446.985,60.9393742
447.63,61.0282162
448.275,61.1039574
448.92,61.1640501
449.565,61.2043072
450.21,61.1705856
450.855,61.0513857
451.5,60.9073968
452.145,60.7796179
452.79,60.6955847
453.435,60.67643
454.08,60.7228065
454.725,60.7966508
455.37,60.8544358
456.015,60.9099441
456.66,61.0008291
457.305,61.1298398
457.95,61.2495042
458.595,61.3138334
459.24,61.3329314
459.885,61.35585
460.53,61.4227896
461.175,61.5238813
461.82,61.6021743
462.465,61.6293087
463.11,61.6249247
463.755,61.6010185
464.4,61.5555334
465.045,61.5031515
465.69,61.4691587
466.335,61.4769391
466.98,61.5520782
467.625,61.6985039
468.27,61.8608499
468.915,62.0048318
469.56,62.1695224
470.205,62.4028546
470.85,62.6626411
471.495,62.8530619
472.14,62.9725971
472.785,63.0695084
473.43,63.1710874
474.075,63.2727294
474.72,63.3645051
475.365,63.4612717
476.01,63.5839851
476.655,63.7194159
477.3,63.8320323
477.945,63.9011297
478.59,63.9432259
479.235,64.0034419
479.88,64.118629
480.525,64.2941148
481.17,64.5190741
481.815,64.7811263
482.46,65.0553903
483.105,65.2629447
483.75,65.3459595
484.395,65.3430282
485.04,65.3140084
485.685,65.3034073
486.33,65.3447789
486.975,65.4891811
487.62,65.7897117
488.265,66.1143265
488.91,66.2915498
489.555,66.3188863
490.2,66.2509731
490.845,66.1510356
491.49,66.0733209
492.135,66.0427201
492.78,66.0361219
493.425,66.000143
494.07,65.906349
494.715,65.7822842
495.36,65.6750571
496.005,65.612459
496.65,65.5994221
497.295,65.56715978
497.94,66.044301
498.585,66.1166908
499.23,66.255309
499.875,66.5994317
500.52,66.7637314
501.165,66.8648058
501.81,66.9521517
502.455,67.08385
503.1,67.3108089
503.745,67.5499771
504.39,67.6508318
505.035,67.6400468
505.68,67.6079249
506.325,67.604006
506.97,67.6592933
507.615,67.8012683
508.26,68.0065959
508.905,68.2557432
509.55,68.5712176
510.195,68.93114
510.84,69.250025
511.485,69.4572609
512.13,69.5610531
512.775,69.6048526
513.42,69.6271844
514.065,69.6536024
514.71,69.6950545
515.355,69.746167
516,69.7896132
516.645,69.7991852
517.29,69.7520726
517.935,69.6537593
518.58,69.5347243
519.225,69.4266844
519.87,69.3545624
520.515,69.3303494
521.16,69.3392469
521.805,69.3477958
522.45,69.3236531
523.095,69.2548394
523.74,69.1727494
524.385,69.1260261
525.03,69.1140715
525.675,69.1044543
526.32,69.0728625
526.965,69.005799
527.61,68.892411
528.255,68.7507814
528.9,68.6364312
529.545,68.6020533
530.19,68.6742048
530.835,68.826551
531.48,68.9742454
532.125,69.0639514
532.77,69.1075402
533.415,69.1468767
534.06,69.2191272
534.705,69.3262978
535.35,69.4354225
535.995,69.5301276
536.64,69.6188959
537.285,69.6944922
537.93,69.7433364
538.575,69.7613107
539.22,69.7563698
539.865,69.75049
540.51,69.7557417
541.155,69.7463404
541.8,69.6917997
542.445,69.6115273
543.09,69.5652706
543.735,69.5927448
544.38,69.6839838
545.025,69.8057871
545.67,69.9494599
546.315,70.1039092
546.96,70.2331559
547.605,70.3387014
548.25,70.4440921
548.895,70.5437805
549.54,70.6089636
550.185,70.6253819
550.83,70.608657
551.475,70.5799699
552.12,70.5524052
552.765,70.5391664
553.41,70.5559589
554.055,70.6042569
554.7,70.6609376
555.345,70.7012938
555.99,70.7269582
556.635,70.7524597
557.28,70.7869778
557.925,70.8393515
558.57,70.9212911
559.215,71.0446902
559.86,71.2160754
560.505,71.428714
561.15,71.6495349
561.795,71.8297454
562.44,71.9567032
563.085,72.0427946
563.73,72.0984426
564.375,72.1358874
565.02,72.1705608
565.665,72.2058757
566.31,72.2249678
566.955,72.2018227
567.6,72.1478803
568.245,72.1401386
568.89,72.2394945
569.535,72.4350095
570.18,72.6550332
570.825,72.8117157
571.47,72.8787157
572.115,72.84617113
572.76,72.8545355
573.405,72.99957783
574.05,73.13048913
574.695,73.190959
575.34,73.1948079
575.985,73.1888783
576.63,73.1641979
577.275,73.1063146
577.92,73.0250255
578.565,72.947125
579.21,72.8974098
579.855,72.8835234
580.5,72.8820236
581.145,72.8709167
581.79,72.863305
582.435,72.8794328
583.08,72.9424329
583.725,73.0727359
584.37,73.2370175
585.015,73.3676139
585.66,73.4496597
586.305,73.514488
586.95,73.5977644
587.595,73.7121133
588.24,73.824992
588.885,73.8722125
589.53,73.8420553
590.175,73.7864734
590.82,73.7552536
591.465,73.7675694
592.11,73.8056087
592.755,73.8389385
593.4,73.8631434
594.045,73.9023072
594.69,73.9818522
595.335,74.0771858
595.98,74.1086373
596.625,74.0455715
597.27,73.9422308
597.915,73.8577841
598.56,73.7933503
599.205,73.7295723
599.85,73.6785473
600.495,73.6621761
601.14,73.6806235
601.785,73.7201553
602.43,73.7646091
603.075,73.8124382
603.72,73.8765849
604.365,73.9481621
605.01,74.0073045
605.655,74.053233
606.3,74.1038354
606.945,74.1723055
607.59,74.255761
608.235,74.3423438
608.88,74.429902
609.525,74.5357418
610.17,74.6760142
610.815,74.8329049
611.46,74.9232028
612.105,74.9613835
612.75,75.0101041
613.395,75.0914312
614.04,75.189689
614.685,75.2648855
615.33,75.2980506
615.975,75.3230115
616.62,75.4102855
617.265,75.6239263
617.91,75.9327089
618.555,76.2395048
619.2,76.5420286
619.845,76.9085434
620.49,77.2897071
621.135,77.5267505
621.78,77.5990699
622.425,77.6083973
623.07,77.6130426
623.715,77.6331451
624.36,77.6906851
625.005,77.7955764
625.65,77.8967664
626.295,77.9144667
626.94,77.8565827
627.585,77.7738536
628.23,77.6896621
628.875,77.6304983
629.52,77.6374342
630.165,77.7174966
630.81,77.8259791
631.455,77.9292721
632.1,78.0227751
632.745,78.1042152
633.39,78.1746234
634.035,78.2530769
634.68,78.375062
635.325,78.5684983
635.97,78.7992423
636.615,78.98393386
637.26,79.03632117
637.905,78.95641733
638.55,78.85976967
639.195,78.9447843
639.84,78.932431
640.485,78.9466988
641.13,78.9876387
641.775,79.058024
642.42,79.1457747
643.065,79.2161926
643.71,79.2460226
644.355,79.2435063
645,79.2391671
645.645,79.2781113
646.29,79.4073114
646.935,79.635115
647.58,79.8603906
648.225,79.9791582
648.87,79.9972931
649.515,79.9535388
650.16,79.898236
650.805,79.8788018
651.45,79.9106572
652.095,79.9876792
652.74,80.1025513
653.385,80.2393134
654.03,80.3639067
654.675,80.4695237
655.32,80.5841132
655.965,80.732601
656.61,80.9050283
657.255,81.0568933
657.9,81.1531797
658.545,81.1725486
659.19,81.1112599
659.835,81.0131658
660.48,80.9196791
661.125,80.8493336
661.77,80.8150511
662.415,80.8189943
663.06,80.8454305
663.705,80.8960064
664.35,81.0000367
664.995,81.1426567
665.64,81.2539753
666.285,81.3139452
666.93,81.3434855
667.575,81.3632762
668.22,81.3821461
668.865,81.4054299
669.51,81.443233
670.155,81.5102937
670.8,81.5958737
671.445,81.6526925
672.09,81.6556212
672.735,81.6415502
673.38,81.6703574
674.025,81.7764735
674.67,81.9385376
675.315,82.0755631
675.96,82.1324846
676.605,82.1448227
677.25,82.1598424
677.895,82.1792038
678.54,82.1862755
679.185,82.1810256
679.83,82.1802737
680.475,82.1968925
681.12,82.2313474
681.765,82.2839272
682.41,82.3501962
683.055,82.4087634
683.7,82.4489567
684.345,82.4785138
684.99,82.4930164
685.635,82.482585
686.28,82.4537781
686.925,82.4275312
687.57,82.4148063
688.215,82.4010755
688.86,82.3776137
689.505,82.3587501
690.15,82.3584511
690.795,82.3890499
691.44,82.4607081
692.085,82.5687428
692.73,82.6860916
693.375,82.7854217
694.02,82.8606318
694.665,82.9085996
695.31,82.9399004
695.955,82.981084
696.6,83.0506887
697.245,83.1485932
697.89,83.2572022
698.535,83.3497597
699.18,83.4036694
699.825,83.4177606
700.47,83.4161444
701.115,83.4184563
701.76,83.4205911
702.405,83.3969171
703.05,83.3332206
703.695,83.2735039
704.34,83.3022159
704.985,83.4725702
705.63,83.7178164
706.275,83.8836335
706.92,83.9494532
707.565,83.9886845
708.21,84.0435899
708.855,84.1233628
709.5,84.2223546
710.145,84.3281508
710.79,84.4220095
711.435,84.4782341
712.08,84.487044
712.725,84.4791114
713.37,84.5137333
714.015,84.6488594
714.66,84.8769952
715.305,85.1184201
715.95,85.3124649
716.595,85.4272707
717.24,85.4548785
717.885,85.4249437
718.53,85.3782216
719.175,85.3367155
719.82,85.3146117
720.465,85.3334569
721.11,85.4116908
721.755,85.5419665
722.4,85.6895723
723.045,85.8199945
723.69,85.9336106
724.335,86.0562786
724.98,86.1808658
725.625,86.2679299
726.27,86.303238
726.915,86.3053088
727.56,86.3034969
728.205,86.3121628
728.85,86.3258142
729.495,86.3414227
730.14,86.3726884
730.785,86.4266165
731.43,86.4892637
732.075,86.5519886
732.72,86.621784
733.365,86.7052313
734.01,86.7930086
734.655,86.8686789
735.3,86.9413667
735.945,87.0444581
736.59,87.1873391
737.235,87.3060861
737.88,87.3519257
738.525,87.3626213
739.17,87.386837
739.815,87.4365145
740.46,87.4866405
741.105,87.5252074
741.75,87.5835405
742.395,87.7073057
743.04,87.8659449
743.685,87.9162508
744.33,87.8591604
744.975,87.7917712
745.62,87.7481822
746.265,87.7182334
746.91,87.690315
747.555,87.6813055
748.2,87.7509189
748.845,87.9144854
749.49,88.0322214
750.135,88.0639354
750.78,88.0833006
751.425,88.1372422
752.07,88.2442687
752.715,88.3976673
753.36,88.5569228
754.005,88.686896
754.65,88.7829798
755.295,88.848515
755.94,88.8828515
756.585,88.8872474
757.23,88.8760183
757.875,88.8746043
758.52,88.8980484
759.165,88.9565889
759.81,89.062809
760.455,89.203878
761.1,89.3182735
761.745,89.3620868
762.39,89.3585587
763.035,89.3448329
763.68,89.3414376
764.325,89.3561648
764.97,89.3927672
765.615,89.4541221
766.26,89.5283612
766.905,89.5959067
767.55,89.6705218
768.195,89.7793655
768.84,89.9227567
769.485,90.0799451
770.13,90.2329582
770.775,90.3701497
771.42,90.4796899
772.065,90.5510622
772.71,90.5827816
773.355,90.5835173
774,90.573818
774.645,90.5861806
775.29,90.6453626
775.935,90.7546834
776.58,90.8833614
777.225,90.9668028
777.87,90.9897882
778.515,90.9782916
779.16,90.9565343
779.805,90.9391403
780.45,90.9354044
781.095,90.9549871
781.74,91.0096607
782.385,91.0976774
783.03,91.1358883
783.675,90.9741263
784.32,90.7419612
784.965,90.6163087
785.61,90.567674
786.255,90.5386238
786.9,90.5055621
787.545,90.4628197
788.19,90.4283456
788.835,90.4604542
789.48,90.6318047
790.125,90.8526415
790.77,90.9303021
791.415,90.9006913
792.06,90.8580621
792.705,90.8527127
793.35,90.9277672
793.995,91.1576596
794.64,91.55191
795.285,91.7286277
795.93,91.67247163
796.575,91.27328683
797.22,91.40179814
797.865,91.27148114
798.51,91.05250963
799.155,90.96009778
799.8,90.6136768
800.445,90.5043049
801.09,90.4701399
801.735,90.3988445
802.38,90.2453908
803.025,89.9885088
803.67,89.6655884
804.315,89.3300843
804.96,89.0514244
805.605,88.8937938
806.25,88.8342014
806.895,88.851872
807.54,88.940546
808.185,89.0707072
808.83,89.1597736
809.475,89.1472709
810.12,89.0720914
810.765,89.0127129
811.41,89.0025998
812.055,89.0252247
812.7,89.0532323
813.345,89.0586217
813.99,89.0339392
814.635,89.004502
815.28,88.9849681
815.925,88.965232
816.57,88.9385862
817.215,88.9158888
817.86,88.9213134
818.505,88.9722154
819.15,89.0507922
819.795,89.0988635
820.44,89.0963621
821.085,89.0873609
821.73,89.1054973
822.375,89.1541821
823.02,89.226097
823.665,89.3108593
824.31,89.3872936
824.955,89.4426941
825.6,89.5119049
826.245,89.6309997
826.89,89.7784891
827.535,89.9137931
828.18,90.026754
828.825,90.1454588
829.47,90.3582467
830.115,90.7779934
830.76,91.2813107
831.405,91.6306275
832.05,91.8862445
832.695,92.2259153
833.34,92.8475318
833.985,93.7294415
834.63,94.4589171
835.275,94.7265267
835.92,94.8052485
836.565,94.8527028
837.21,94.9176288
837.855,95.0195638
838.5,95.1613885
839.145,95.3178955
839.79,95.437939
840.435,95.4983331
841.08,95.5151296
841.725,95.5103244
842.37,95.506112
843.015,95.5377615
843.66,95.6231071
844.305,95.6872038
844.95,95.6853021
845.595,95.6723729
846.24,95.6916235
846.885,95.7359585
847.53,95.7758511
848.175,95.7874897
848.82,95.7583959
849.465,95.7145829
850.11,95.7251679
850.755,95.8034966
851.4,95.8842581
852.045,95.9200393
852.69,95.9219179
853.335,95.9342022
853.98,95.9820897
854.625,96.0167183
855.27,95.9783546
855.915,95.8711365
856.56,95.7363177
857.205,95.5940217
857.85,95.4316012
858.495,95.2626245
859.14,95.1634312
859.785,95.1754404
860.43,95.2613323
861.075,95.375764
861.72,95.4900662
862.365,95.5834937
863.01,95.6403912
863.655,95.6520231
864.3,95.6228853
864.945,95.5946693
865.59,95.6232593
866.235,95.6940979
866.88,95.7415148
867.525,95.7484999
868.17,95.7450367
868.815,95.7493852
869.46,95.7594451
870.105,95.7580398
870.75,95.7327508
871.395,95.7158352
872.04,95.7206638
872.685,95.7103459
873.33,95.6476351
873.975,95.5151006
874.62,95.3388493
875.265,95.201015
875.91,95.29914943
876.555,95.334285
877.2,95.5302922
877.845,95.359756
878.49,94.759333
879.135,94.5597625
879.78,93.415209
880.425,93.40338133
881.07,93.35219133
881.715,93.3348732
882.36,93.40820129
883.005,93.51424878
883.65,93.5529055
884.295,93.5294901
884.94,93.4922698
885.585,93.426831
886.23,93.3590645
886.875,93.3647293
887.52,93.4570052
888.165,93.5825982
888.81,93.6812438
889.455,93.7410205
890.1,93.798287
890.745,93.881046
891.39,93.9875032
892.035,94.1093302
892.68,94.236218
893.325,94.3353038
893.97,94.385905
894.615,94.4217978
895.26,94.484751
895.905,94.5864463
896.55,94.7055516
897.195,94.8284051
897.84,94.9700208
898.485,95.1340932
899.13,95.2841404
899.775,95.3849381
900.42,95.4410794
901.065,95.4775802
901.71,95.5191404
902.355,95.5767392
903,95.642038
903.645,95.7025486
904.29,95.7538319
904.935,95.7967236
905.58,95.8353211
906.225,95.8739353
906.87,95.9103611
907.515,95.9407098
908.16,95.9701705
908.805,96.0052059
909.45,96.038781
910.095,96.0619191
910.74,96.0947351
911.385,96.177239
912.03,96.3134965
912.675,96.4644442
913.32,96.6111024
913.965,96.7605458
914.61,96.9085301
915.255,97.0467623
915.9,97.1713204
916.545,97.2721112
917.19,97.3286217
917.835,97.3471646
918.48,97.3646177
919.125,97.402787
919.77,97.4566914
920.415,97.5099079
921.06,97.5636364
921.705,97.6366259
922.35,97.7192593
922.995,97.7829414
923.64,97.8175457
924.285,97.8351982
924.93,97.8606301
925.575,97.9194218
926.22,98.0306554
926.865,98.1891633
927.51,98.3421571
928.155,98.5076184
928.8,98.832634
929.445,99.1461569
930.09,99.3002198
930.735,99.3560272
931.38,99.3664075
932.025,99.356997
932.67,99.3358624
933.315,99.3077794
933.96,99.2851918
934.605,99.2820109
935.25,99.2946227
935.895,99.3134694
936.54,99.3321164
937.185,99.3593309
937.83,99.4098436
938.475,99.4670549
939.12,99.4929566
939.765,99.4806524
940.41,99.4598221
941.055,99.4633565
941.7,99.4960926
942.345,99.534861
942.99,99.5591942
943.635,99.576127
944.28,99.5983487
944.925,99.6051942
945.57,99.5507957
946.215,99.4520322
946.86,99.3863686
947.505,99.383234
948.15,99.4167112
948.795,99.4543216
949.44,99.4781972
950.085,99.4817971
950.73,99.4603694
951.375,99.4230267
952.02,99.4027765
952.665,99.4111321
953.31,99.4238102
953.955,99.4241104
954.6,99.4195737
955.245,99.4348098
955.89,99.5085556
956.535,99.7382741
957.18,100.324776
957.825,100.7916779
958.47,100.8758004
959.115,100.8108576
959.76,100.6974255
960.405,100.5873231
961.05,100.5632726
961.695,100.7841
962.34,101.2376595
962.985,101.5254361
963.63,101.5669667
964.275,101.4802997
964.92,101.3649361
965.565,101.2993929
966.21,101.325322
966.855,101.4127833
967.5,101.5132741
968.145,101.6079577
968.79,101.6961643
969.435,101.7696226
970.08,101.8245217
970.725,101.8931954
971.37,102.0114509
972.015,102.1777497
972.66,102.34348
973.305,102.4893406
973.95,102.6626714
974.595,102.9294921
975.24,103.2396585
975.885,103.460337
976.53,103.60897
977.175,103.717389
977.82,103.7761231
978.465,103.7862469
979.11,103.7803086
979.755,103.826967
980.4,104.0459123
981.045,104.4088549
981.69,104.6273022
982.335,104.6978013
982.98,104.727123
983.625,104.7568021
984.27,104.7827061
984.915,104.7894036
985.56,104.7876756
986.205,104.8078156
986.85,104.8568082
987.495,104.915767
988.14,104.963443
988.785,104.9829709
989.43,104.9618867
990.075,104.9093411
990.72,104.8617944
991.365,104.8386754
992.01,104.8242984
992.655,104.8009895
993.3,104.767704
993.945,104.7330654
994.59,104.7061959
995.235,104.6874258
995.88,104.6684695
996.525,104.6346098
997.17,104.5710545
997.815,104.5016456
998.46,104.458692
999.105,104.4341091
999.75,104.4123017
1000.395,104.3898369
1001.04,104.3729462
1001.685,104.3709444
1002.33,104.3865914
1002.975,104.4065437
1003.62,104.4068363
1004.265,104.3753842
1004.91,104.3265106
1005.555,104.2828075
1006.2,104.257074
1006.845,104.2472899
1007.49,104.2434466
1008.135,104.2403032
1008.78,104.2415161
1009.425,104.2520653
1010.07,104.2676259
1010.715,104.2609661
1011.36,104.2017116
1012.005,104.1226056
1012.65,104.0623215
1013.295,104.0238113
1013.94,103.9992656
1014.585,103.9822682
1015.23,103.9703812
1015.875,103.9622551
1016.52,103.9519513
1017.165,103.9311235
1017.81,103.9001151
1018.455,103.8681588
1019.1,103.8347018
1019.745,103.7752939
1020.39,103.6702393
1021.035,103.5491486
1021.68,103.4487991
1022.325,103.3724605
1022.97,103.3265808
1023.615,103.3349455
1024.26,103.3953893
1024.905,103.469485
1025.55,103.5241487
1026.195,103.553531
1026.84,103.5656107
1027.485,103.5534996
1028.13,103.511887
1028.775,103.4589734
1029.42,103.4159645
1030.065,103.3976659
1030.71,103.4046639
1031.355,103.4150054
1032,103.4106161
1032.645,103.3951725
1033.29,103.3800992
1033.935,103.3757089
1034.58,103.3888009
1035.225,103.4190105
1035.87,103.4517125
1036.515,103.4551629
1037.16,103.4200734
1037.805,103.3937279
1038.45,103.3995276
1039.095,103.4093246
1039.74,103.3767605
1040.385,103.2675214
1041.03,103.1406024
1041.675,103.0734862
1042.32,103.0518914
1042.965,103.0455076
1043.61,103.0503996
1044.255,103.0784282
1044.9,103.1269389
1045.545,103.1615209
1046.19,103.1578185
1046.835,103.1330728
1047.48,103.1169609
1048.125,103.1184812
1048.77,103.1282266
1049.415,103.1262315
1050.06,103.0916901
1050.705,103.0256258
1051.35,102.9517329
1051.995,102.8879823
1052.64,102.8412895
1053.285,102.8130911
1053.93,102.7971008
1054.575,102.7856377
1055.22,102.7782395
1055.865,102.7799143
1056.51,102.7963071
1057.155,102.8325635
1057.8,102.8866418
1058.445,102.942033
1059.09,102.979041
1059.735,102.996403
1060.38,103.0077091
1061.025,103.0218094
1061.67,103.0379227
1062.315,103.0445813
1062.96,103.0323739
1063.605,103.0205551
1064.25,103.0443914
1064.895,103.1338529
1065.54,103.285204
1066.185,103.4097589
1066.83,103.4448106
1067.475,103.4257256
1068.12,103.3962472
1068.765,103.3817997
1069.41,103.3947843
1070.055,103.4458207
1070.7,103.5393093
1071.345,103.6352385
1071.99,103.6708203
1072.635,103.657351
1073.28,103.6350534
1073.925,103.6326694
1074.57,103.6598042
1075.215,103.7002002
1075.86,103.7282315
1076.505,103.7432058
1077.15,103.7854748
1077.795,103.9094823
1078.44,104.1054447
1079.085,104.2564153
1079.73,104.3186134
1080.375,104.3315213
1081.02,104.3225919
1081.665,104.296415
1082.31,104.242991
1082.955,104.1546272
1083.6,104.0638948
1084.245,104.006807
1084.89,103.9549354
1085.535,103.8651802
1086.18,103.7570637
1086.825,103.6849861
1087.47,103.6832543
1088.115,103.7707937
1088.76,103.9340815
1089.405,104.0856111
1090.05,104.1690903
1090.695,104.2125026
1091.34,104.2461321
1091.985,104.2805154
1092.63,104.320762
1093.275,104.3751081
1093.92,104.4490815
1094.565,104.5380075
1095.21,104.6252866
1095.855,104.6690254
1096.5,104.625536
1097.145,104.5316835
1097.79,104.4650815
1098.435,104.4523214
1099.08,104.4687576
1099.725,104.477414
1100.37,104.4656499
1101.015,104.4419468
1101.66,104.4114305
1102.305,104.3637905
1102.95,104.2890188
1103.595,104.2055081
1104.24,104.1451123
1104.885,104.1156017
1105.53,104.0977535
1106.175,104.0614048
1106.82,103.9890551
1107.465,103.9037
1108.11,103.8470162
1108.755,103.8314911
1109.4,103.8455488
1110.045,103.8725198
1110.69,103.8946255
1111.335,103.8882481
1111.98,103.8299435
1112.625,103.7441919
1113.27,103.687838
1113.915,103.6658722
1114.56,103.6571962
1115.205,103.6357594
1115.85,103.5711248
1116.495,103.4653501
1117.14,103.3776661
1117.785,103.3538716
1118.43,103.3768948
1119.075,103.4059916
1119.72,103.4120305
1120.365,103.4014939
1121.01,103.4038365
1121.655,103.4137249
1122.3,103.3978193
1122.945,103.3644772
1123.59,103.3632532
1124.235,103.4246958
1124.88,103.5331906
1125.525,103.6501004
1126.17,103.7445543
1126.815,103.7740108
1127.46,103.7672193
1128.105,103.7631758
1128.75,103.7679021
1129.395,103.7786858
1130.04,103.7984002
1130.685,103.8434144
1131.33,103.9390183
1131.975,104.067915
1132.62,104.1616982
1133.265,104.1888689
1133.91,104.1633934
1134.555,104.0935083
1135.2,104.0557058
1135.845,104.0609603
1136.49,104.0908703
1137.135,104.0212533
1137.78,103.7018435
1138.425,103.5254562
1139.07,103.4059275
1139.715,103.3266505
1140.36,103.2849
1141.005,103.2679015
1141.65,103.2499337
1142.295,103.2151431
1142.94,103.1673878
1143.585,103.1176008
1144.23,103.0552334
1144.875,102.9446821
1145.52,102.8084042
1146.165,102.7124021
1146.81,102.6806055
1147.455,102.7140606
1148.1,102.8175572
1148.745,102.9965439
1149.39,103.2150271
1150.035,103.3121949
1150.68,103.1158256
1151.325,102.7791616
1151.97,102.5190846
1152.615,102.3390707
1153.26,102.1901491
1153.905,102.083861
1154.55,102.042331
1155.195,102.0456298
1155.84,102.0583442
1156.485,102.0647064
1157.13,102.0705756
1157.775,102.0851082
1158.42,102.1044774
1159.065,102.1111134
1159.71,102.0949671
1160.355,102.0694836
1161,102.0493286
1161.645,102.0248398
1162.29,101.9600289
1162.935,101.8519146
1163.58,101.7754513
1164.225,101.7647242
1164.87,101.7812957
1165.515,101.7618375
1166.16,101.6725918
1166.805,101.5537367
1167.45,101.4701127
1168.095,101.4264718
1168.74,101.3979549
1169.385,101.3718033
1170.03,101.3448429
1170.675,101.3188336
1171.32,101.2996475
1171.965,101.2956669
1172.61,101.3182729
1173.255,101.3789403
1173.9,101.4686311
1174.545,101.5468667
1175.19,101.5896955
1175.835,101.5920963
1176.48,101.5540562
1177.125,101.4707076
1177.77,101.3492501
1178.415,101.2481809
1179.06,101.2009379
1179.705,101.1899305
1180.35,101.1847866
1180.995,101.1616051
1181.64,101.0988285
1182.285,100.9735034
1182.93,100.807343
1183.575,100.6773472
1184.22,100.6071392
1184.865,100.5606988
1185.51,100.5057596
1186.155,100.4433263
1186.8,100.3950669
1187.445,100.3711771
1188.09,100.3668042
1188.735,100.3622471
1189.38,100.328381
1190.025,100.2583245
1190.67,100.1853806
1191.315,100.138587
1191.96,100.1074246
1192.605,100.0683255
1193.25,100.0279564
1193.895,100.0070443
1194.54,99.9951516
1195.185,99.9656361
1195.83,99.9162678
1196.475,99.8702042
1197.12,99.8418174
1197.765,99.8153027
1198.41,99.7342351
1199.055,99.5323853
1199.7,99.2919815
1200.345,99.1526005
1200.99,99.0774651
1201.635,98.9919075
1202.28,98.8551674
1202.925,98.6880813
1203.57,98.5823772
1204.215,98.5634696
1204.86,98.5932755
1205.505,98.6434891
1206.15,98.6896287
1206.795,98.7072464
1207.44,98.6944529
1208.085,98.6909925
1208.73,98.7319272
1209.375,98.8168091
1210.02,98.9232827
1210.665,99.012091
1211.31,99.0586098
1211.955,99.0709472
1212.6,99.0645554
1213.245,99.0510934
1213.89,99.0366833
1214.535,99.00336
1215.18,98.9115131
1215.825,98.7760643
1216.47,98.6746685
1217.115,98.6227428
1217.76,98.5790147
1218.405,98.5393125
1219.05,98.5234762
1219.695,98.5360054
1220.34,98.5668823
1220.985,98.5978432
1221.63,98.6056244
1222.275,98.5683357
1222.92,98.4903286
1223.565,98.4081157
1224.21,98.3603722
1224.855,98.377599
1225.5,98.4829428
1226.145,98.6591625
1226.79,98.7964687
1227.435,98.8121854
1228.08,98.7410165
1228.725,98.6506379
1229.37,98.6313637
1230.015,98.7038028
1230.66,98.7796372
1231.305,98.7958173
1231.95,98.7529138
1232.595,98.6834355
1233.24,98.6250528
1233.885,98.6074711
1234.53,98.6374528
1235.175,98.6834661
1235.82,98.6797331
1236.465,98.5855123
1237.11,98.4362881
1237.755,98.2838772
1238.4,98.1403653
1239.045,98.0058465
1239.69,97.8911548
1240.335,97.8024694
1240.98,97.7375756
1241.625,97.6921827
1242.27,97.6590543
1242.915,97.6341667
1243.56,97.6125251
1244.205,97.5775936
1244.85,97.5066467
1245.495,97.380536
1246.14,97.2190191
1246.785,97.0876015
1247.43,97.011266
1248.075,96.9804089
1248.72,96.9790013
1249.365,96.9762653
1250.01,96.9134705
1250.655,96.774002
1251.3,96.6663438
1251.945,96.6340831
1252.59,96.6303731
1253.235,96.6224649
1253.88,96.5984917
1254.525,96.5513428
1255.17,96.4844929
1255.815,96.4310532
1256.46,96.4256082
1257.105,96.4590585
1257.75,96.4869838
1258.395,96.4821926
1259.04,96.4473091
1259.685,96.3913634
1260.33,96.3239697
1260.975,96.263469
1261.62,96.2319561
1262.265,96.2403484
1262.91,96.2927581
1263.555,96.3733339
1264.2,96.4451787
1264.845,96.4937267
1265.49,96.523272
1266.135,96.5338207
1266.78,96.5348401
1267.425,96.5531052
1268.07,96.6065032
1268.715,96.6781484
1269.36,96.7266392
1270.005,96.7229081
1270.65,96.6751512
1271.295,96.6116034
1271.94,96.5536501
1272.585,96.5194833
1273.23,96.5172853
1273.875,96.5286996
1274.52,96.5341413
1275.165,96.5375227
1275.81,96.5520822
1276.455,96.5787782
1277.1,96.590809
1277.745,96.5222912
1278.39,96.3640805
1279.035,96.2508999
1279.68,96.2185244
1280.325,96.2015646
1280.97,96.1729287
1281.615,96.1562401
1282.26,96.1809983
1282.905,96.243354
1283.55,96.2978276
1284.195,96.3214765
1284.84,96.3354196
1285.485,96.358702
1286.13,96.3829844
1286.775,96.3672771
1287.42,96.306461
1288.065,96.2719478
1288.71,96.2833901
1289.355,96.3067643
1290,96.3039097
1290.645,96.2589837
1291.29,96.198008
1291.935,96.1548116
1292.58,96.1059535
1293.225,96.0065094
1293.87,95.8899503
1294.515,95.8087499
1295.16,95.7528366
1295.805,95.696819
1296.45,95.6307584
1297.095,95.5703738
1297.74,95.5274666
1298.385,95.4823178
1299.03,95.4082492
1299.675,95.305799
1300.32,95.2049845
1300.965,95.1536846
1301.61,95.2020592
1302.255,95.319946
1302.9,95.4080968
1303.545,95.4446358
1304.19,95.4597008
1304.835,95.4769173
1305.48,95.4944996
1306.125,95.4819679
1306.77,95.4033662
1307.415,95.2641281
1308.06,95.1189491
1308.705,95.0076645
1309.35,94.957908
1309.995,95.0104325
1310.64,95.134038
1311.285,95.2202294
1311.93,95.2361734
1312.575,95.2178053
1313.22,95.1971048
1313.865,95.1841858
1314.51,95.1744558
1315.155,95.1609013
1315.8,95.1450314
1316.445,95.1239396
1317.09,95.086211
1317.735,95.0329574
1318.38,94.9730145
1319.025,94.9091378
1319.67,94.8372984
1320.315,94.7631432
1320.96,94.6962134
1321.605,94.6349409
1322.25,94.573313
1322.895,94.5059899
1323.54,94.4419685
1324.185,94.4022261
1324.83,94.3966385
1325.475,94.4153163
1326.12,94.4287018
1326.765,94.3932994
1327.41,94.2975761
1328.055,94.1874169
1328.7,94.0928409
1329.345,94.0188103
1329.99,93.9871246
1330.635,94.008194
1331.28,94.0584902
1331.925,94.1063555
1332.57,94.1360248
1333.215,94.14499
1333.86,94.1355363
1334.505,94.1145416
1335.15,94.092507
1335.795,94.0708414
1336.44,94.0297371
1337.085,93.9448008
1337.73,93.8433203
1338.375,93.7623743
1339.02,93.6990561
1339.665,93.6511311
1340.31,93.6124736
1340.955,93.5637733
1341.6,93.4848807
1342.245,93.3853372
1342.89,93.3089369
1343.535,93.2744483
1344.18,93.2505543
1344.825,93.2089603
1345.47,93.1682915
1346.115,93.1632589
1346.76,93.2017109
1347.405,93.256144
1348.05,93.2821768
1348.695,93.2525988
1349.34,93.1755814
1349.985,93.0760671
1350.63,92.9831057
1351.275,92.9373067
1351.92,92.9632122
1352.565,93.0157159
1353.21,93.0099726
1353.855,92.9206629
1354.5,92.8496046
1355.145,92.8679202
1355.79,92.9348565
1356.435,92.9883309
1357.08,92.977468
1357.725,92.8859775
1358.37,92.7634368
1359.015,92.666259
1359.66,92.5915991
1360.305,92.5161668
1360.95,92.4319949
1361.595,92.3396817
1362.24,92.2498381
1362.885,92.1892811
1363.53,92.1652059
1364.175,92.1352657
1364.82,92.0267083
1365.465,91.8254316
1366.11,91.6260146
1366.755,91.4906166
1367.4,91.4204238
1368.045,91.3986923
1368.69,91.3957567
1369.335,91.4014425
1369.98,91.4254355
1370.625,91.4573095
1371.27,91.4748769
1371.915,91.4678701
1372.56,91.4420181
1373.205,91.4195834
1373.85,91.4325919
1374.495,91.4941126
1375.14,91.5670163
1375.785,91.5692255
1376.43,91.4524641
1377.075,91.3039142
1377.72,91.2349296
1378.365,91.2192917
1379.01,91.1916612
1379.655,91.13468
1380.3,91.0640951
1380.945,90.9970803
1381.59,90.9356791
1382.235,90.8719453
1382.88,90.8086309
1383.525,90.7579371
1384.17,90.7193645
1384.815,90.6834795
1385.46,90.6426136
1386.105,90.5990285
1386.75,90.56677
1387.395,90.5526832
1388.04,90.5406167
1388.685,90.5150354
1389.33,90.477685
1389.975,90.4282759
1390.62,90.3610726
1391.265,90.2820959
1391.91,90.2124061
1392.555,90.1665938
1393.2,90.1426625
1393.845,90.1319257
1394.49,90.1240798
1395.135,90.1042559
1395.78,90.0624121
1396.425,90.014649
1397.07,89.9903281
1397.715,89.9888772
1398.36,89.9534072
1399.005,89.8001339
1399.65,89.5976698
1400.295,89.4910759
1400.94,89.4230122
1401.585,89.2883986
1402.23,89.1499046
1402.875,89.1550635
1403.52,89.2628319
1404.165,89.3649971
1404.81,89.4117195
1405.455,89.4087849
1406.1,89.3817935
1406.745,89.3514094
1407.39,89.3221132
1408.035,89.2848924
1408.68,89.2386428
1409.325,89.2041451
1409.97,89.204128
1410.615,89.2396566
1411.26,89.289595
1411.905,89.3386449
1412.55,89.3772461
1413.195,89.3794271
1413.84,89.3235884
1414.485,89.2450446
1415.13,89.2185826
1415.775,89.2555784
1416.42,89.3126845
1417.065,89.3529449
1417.71,89.3507255
1418.355,89.3015491
1419,89.2266409
1419.645,89.1548215
1420.29,89.1070521
1420.935,89.0831534
1421.58,89.0806199
1422.225,89.1008464
1422.87,89.1464788
1423.515,89.2102104
1424.16,89.2623545
1424.805,89.2713337
1425.45,89.2284036
1426.095,89.1449677
1426.74,89.0526496
1427.385,88.9921111
1428.03,88.9846471
1428.675,89.0182183
1429.32,89.0575985
1429.965,89.0766219
1430.61,89.0707936
1431.255,89.0518996
1431.9,89.0457028
1432.545,89.086078
1433.19,89.1889803
1433.835,89.3262111
1434.48,89.4485454
1435.125,89.5397802
1435.77,89.6170013
1436.415,89.6923903
1437.06,89.7318456
1437.705,89.6851525
1438.35,89.572838
1438.995,89.4412983
1439.64,89.3190174
1440.285,89.2051448
1440.93,89.0853786
1441.575,88.9706774
1442.22,88.8933689
1442.865,88.8710447
1443.51,88.9085207
1444.155,89.0066125
1444.8,89.1405254
1445.445,89.1857882
1446.09,88.9059978
1446.735,88.3908985
1447.38,87.7534937
1448.025,87.3603743
1448.67,87.0957263
1449.315,86.7915274
1449.96,86.5708758
1450.605,86.4928969
1451.25,86.488029
1451.895,86.5074326
1452.54,86.5212119
1453.185,86.4793715
1453.83,86.3079698
1454.475,86.0663209
1455.12,85.9182165
1455.765,85.8574491
1456.41,85.8080751
1457.055,85.7201089
1457.7,85.5896281
1458.345,85.443745
1458.99,85.3045311
1459.635,85.1902668
1460.28,85.1234981
1460.925,85.1162342
1461.57,85.1573752
1462.215,85.2198035
1462.86,85.2805253
1463.505,85.3244225
1464.15,85.3410927
1464.795,85.3398906
1465.44,85.3394219
1466.085,85.3448473
1466.73,85.3565553
1467.375,85.3697742
1468.02,85.3583457
1468.665,85.309954
1469.31,85.2615573
1469.955,85.2256486
1470.6,85.1744107
1471.245,85.0713069
1471.89,84.9176664
1472.535,84.7712434
1473.18,84.6797691
1473.825,84.6452693
1474.47,84.6371023
1475.115,84.6202113
1475.76,84.6120371
1476.405,84.6416954
1477.05,84.6907691
1477.695,84.7036834
1478.34,84.6189822
1478.985,84.4550176
1479.63,84.3445077
1480.275,84.3618801
1480.92,84.4532713
1481.565,84.5265873
1482.21,84.5559288
1482.855,84.5717172
1483.5,84.6082524
1484.145,84.6757437
1484.79,84.7528013
1485.435,84.8185742
1486.08,84.8854339
1486.725,84.9757234
1487.37,85.0802522
1488.015,85.1492767
1488.66,85.1598751
1489.305,85.1468967
1489.95,85.1521562
1490.595,85.1879754
1491.24,85.2301417
1491.885,85.2506978
1492.53,85.2436089
1493.175,85.2125128
1493.82,85.1727271
1494.465,85.1439066
1495.11,85.138901
1495.755,85.1608372
1496.4,85.1860657
1497.045,85.1526242
1497.69,85.0010218
1498.335,84.7809024
1498.98,84.6407501
1499.625,84.5794679
1500.27,84.5248822
1500.915,84.4305361
1501.56,84.3064909
1502.205,84.190551
1502.85,84.0806859
1503.495,83.9276393
1504.14,83.7128531
1504.785,83.5204524
1505.43,83.4241195
1506.075,83.3755863
1506.72,83.316112
1507.365,83.2079053
1508.01,83.0683935
1508.655,82.9851841
1509.3,82.9630265
1509.945,82.9665227
1510.59,82.9629327
1511.235,82.9072291
1511.88,82.724338
1512.525,82.4097917
1513.17,82.1097369
1513.815,81.9699309
1514.46,81.9399944
1515.105,81.9270246
1515.75,81.8844871
1516.395,81.774963
1517.04,81.5612947
1517.685,81.2759578
1518.33,81.0353499
1518.975,80.9267894
1519.62,80.9134683
1520.265,80.9217323
1520.91,80.9097151
1521.555,80.8618677
1522.2,80.7751086
1522.845,80.6542481
1523.49,80.5238599
1524.135,80.4161799
1524.78,80.3376142
1525.425,80.2783242
1526.07,80.2297055
1526.715,80.1834597
1527.36,80.1276138
1528.005,80.0528473
1528.65,79.9637928
1529.295,79.8814664
1529.94,79.8229126
1530.585,79.7727146
1531.23,79.6921784
1531.875,79.5725074
1532.52,79.452966
1533.165,79.3671918
1533.81,79.3094739
1534.455,79.2653878
1535.1,79.2341784
1535.745,79.2173448
1536.39,79.2037552
1537.035,79.1736573
1537.68,79.1168038
1538.325,79.0440908
1538.97,78.9793253
1539.615,78.9341531
1540.26,78.8979001
1540.905,78.8588241
1541.55,78.8174013
1542.195,78.7795143
1542.84,78.7441079
1543.485,78.7032364
1544.13,78.6508775
1544.775,78.5815823
1545.42,78.4962197
1546.065,78.3900119
1546.71,78.2406387
1547.355,78.046733
1548,77.8813564
1548.645,77.8020181
1549.29,77.7910908
1549.935,77.8004754
1550.58,77.7996162
1551.225,77.7858784
1551.87,77.7710659
1552.515,77.7593048
1553.16,77.7389861
1553.805,77.6910745
1554.45,77.6109053
1555.095,77.524683
1555.74,77.4676773
1556.385,77.4485458
1557.03,77.4493104
1557.675,77.4418751
1558.32,77.4049571
1558.965,77.3345666
1559.61,77.2454427
1560.255,77.1634191
1560.9,77.1048743
1561.545,77.0579212
1562.19,77.0059218
1562.835,76.9510717
1563.48,76.898591
1564.125,76.8484259
1564.77,76.8031665
1565.415,76.774616
1566.06,76.7716888
1566.705,76.79379
1567.35,76.81422
1567.995,76.8047449
1568.64,76.7794739
1569.285,76.776017
1569.93,76.8100623
1570.575,76.8579865
1571.22,76.8882887
1571.865,76.8849906
1572.51,76.8399564
1573.155,76.7258305
1573.8,76.5081417
1574.445,76.2777595
1575.09,76.1519282
1575.735,76.1324254
1576.38,76.1608458
1577.025,76.1778037
1577.67,76.1562693
1578.315,76.1067194
1578.96,76.0328176
1579.605,75.8874365
1580.25,75.6750122
1580.895,75.5196544
1581.54,75.4608091
1582.185,75.4656028
1582.83,75.4915871
1583.475,75.5107811
1584.12,75.5070953
1584.765,75.4647462
1585.41,75.3663866
1586.055,75.2210763
1586.7,75.0678202
1587.345,74.920807
1587.99,74.7585586
1588.635,74.5596623
1589.28,74.3565953
1589.925,74.2108941
1590.57,74.1268418
1591.215,74.060644
1591.86,73.9937468
1592.505,73.9540559
1593.15,73.962692
1593.795,74.0092952
1594.44,74.0686615
1595.085,74.1110773
1595.73,74.0982292
1596.375,73.9861493
1597.02,73.7715561
1597.665,73.527772
1598.31,73.3006214
1598.955,73.0485762
1599.6,72.7241759
1600.245,72.330653
1600.89,71.9668496
1601.535,71.7379301
1602.18,71.6395657
1602.825,71.6189639
1603.47,71.616095
1604.115,71.5601553
1604.76,71.4114236
1605.405,71.2315011
1606.05,71.1121738
1606.695,71.0679997
1607.34,71.0766183
1607.985,71.1149891
1608.63,71.1445701
1609.275,71.0644357
1609.92,70.7889896
1610.565,70.5290508
1611.21,70.3916944
1611.855,70.2651899
1612.5,70.0137333
1613.145,69.6705106
1613.79,69.449623
1614.435,69.3601213
1615.08,69.3303546
1615.725,69.3257672
1616.37,69.3254697
1617.015,69.3019594
1617.66,69.2365257
1618.305,69.1621478
1618.95,69.1231627
1619.595,69.1057692
1620.24,69.0641732
1620.885,68.969194
1621.53,68.8332486
1622.175,68.6892497
1622.82,68.5523272
1623.465,68.4244044
1624.11,68.301235
1624.755,68.1811756
1625.4,68.0809481
1626.045,68.0195765
1626.69,67.9831772
1627.335,67.9294465
1627.98,67.813597
1628.625,67.6258862
1629.27,67.4372963
1629.915,67.3235279
1630.56,67.2815666
1631.205,67.2722252
1631.85,67.2547291
1632.495,67.2190706
1633.14,67.1887636
1633.785,67.1677671
1634.43,67.1287724
1635.075,67.0549602
1635.72,66.9591398
1636.365,66.8504216
1637.01,66.7243342
1637.655,66.5747357
1638.3,66.3955426
1638.945,66.1790137
1639.59,65.9188927
1640.235,65.6606987
1640.88,65.4898553
1641.525,65.4116671
1642.17,65.3878225
1642.815,65.389035
1643.46,65.3954334
1644.105,65.3927991
1644.75,65.3683938
1645.395,65.3094344
1646.04,65.2171312
1646.685,65.1226454
1647.33,65.0601132
1647.975,65.0267246
1648.62,64.985323
1649.265,64.8893737
1649.91,64.718653
1650.555,64.5120006
1651.2,64.3299119
1651.845,64.2047604
1652.49,64.1357482
1653.135,64.0976524
1653.78,64.0660621
1654.425,64.0309426
1655.07,63.9902034
1655.715,63.9476014
1656.36,63.9117082
1657.005,63.8778218
1657.65,63.8105549
1658.295,63.661549
1658.94,63.4433342
1659.585,63.2806792
1660.23,63.2169962
1660.875,63.161484
1661.52,63.0484055
1662.165,62.9248604
1662.81,62.8454932
1663.455,62.8107691
1664.1,62.7994537
1664.745,62.7856964
1665.39,62.7494244
1666.035,62.6846149
1666.68,62.5837245
1667.325,62.4203489
1667.97,62.221699
1668.615,62.0837645
1669.26,62.0241819
1669.905,62.0001483
1670.55,61.9777061
1671.195,61.9424552
1671.84,61.8934038
1672.485,61.8373242
1673.13,61.7846671
1673.775,61.7415774
1674.42,61.7056914
1675.065,61.6634627
1675.71,61.5789859
1676.355,61.4104959
1677,61.2015722
1677.645,61.0301275
1678.29,60.9057762
1678.935,60.8155477
1679.58,60.7414944
1680.225,60.6638604
1680.87,60.5707493
1681.515,60.4691157
1682.16,60.3713877
1682.805,60.2727513
1683.45,60.1628168
1684.095,60.0482003
1684.74,59.940356
1685.385,59.8216959
1686.03,59.658352
1686.675,59.4779028
1687.32,59.3408581
1687.965,59.2704395
1688.61,59.2627018
1689.255,59.2835978
1689.9,59.3097684
1690.545,59.3326447
1691.19,59.3358077
1691.835,59.2850724
1692.48,59.1365864
1693.125,58.8686155
1693.77,58.594924
1694.415,58.4574907
1695.06,58.4244866
1695.705,58.4234767
1696.35,58.4105256
1696.995,58.3545759
1697.64,58.2087664
1698.285,57.9586101
1698.93,57.7158393
1699.575,57.5683844
1700.22,57.4823201
1700.865,57.409297
1701.51,57.3435692
1702.155,57.3025011
1702.8,57.288662
1703.445,57.2764812
1704.09,57.2249072
1704.735,57.1123666
1705.38,56.9703978
1706.025,56.8497971
1706.67,56.7633721
1707.315,56.6862466
1707.96,56.582892
1708.605,56.4459514
1709.25,56.3245125
1709.895,56.2659355
1710.54,56.262041
1711.185,56.2736971
1711.83,56.2699313
1712.475,56.2402198
1713.12,56.1821792
1713.765,56.0927432
1714.41,55.9847595
1715.055,55.8907564
1715.7,55.8255184
1716.345,55.7703838
1716.99,55.698322
1717.635,55.6081873
1718.28,55.527755
1718.925,55.4813812
1719.57,55.4658645
1720.215,55.4540078
1720.86,55.4092179
1721.505,55.3078851
1722.15,55.1797922
1722.795,55.0825737
1723.44,55.0206115
1724.085,54.9688762
1724.73,54.9174295
1725.375,54.8675213
1726.02,54.8174969
1726.665,54.7664591
1727.31,54.7161032
1727.955,54.6586496
1728.6,54.576258
1729.245,54.4666931
1729.89,54.3554856
1730.535,54.2638582
1731.18,54.1901716
1731.825,54.1284269
1732.47,54.0775733
1733.115,54.0336867
1733.76,53.9903329
1734.405,53.949023
1735.05,53.9241553
1735.695,53.9305212
1736.34,53.9625277
1736.985,53.9863461
1737.63,53.9514685
1738.275,53.8242245
1738.92,53.6210498
1739.565,53.3864122
1740.21,53.1505851
1740.855,52.9368133
1741.5,52.7800525
1742.145,52.7042447
1742.79,52.7018983
1743.435,52.7451223
1744.08,52.7927805
1744.725,52.7842366
1745.37,52.6414122
1746.015,52.3583774
1746.66,52.0818882
1747.305,51.9204873
1747.95,51.8483996
1748.595,51.8146107
1749.24,51.784577
1749.885,51.7418413
1750.53,51.6854814
1751.175,51.6321314
1751.82,51.6061678
1752.465,51.6068783
1753.11,51.5940749
1753.755,51.5034494
1754.4,51.2927786
1755.045,51.0132743
1755.69,50.7629527
1756.335,50.5614902
1756.98,50.3676625
1757.625,50.1618232
1758.27,49.9584825
1758.915,49.7860176
1759.56,49.6790241
1760.205,49.6414941
1760.85,49.6417954
1761.495,49.6499676
1762.14,49.6541171
1762.785,49.6515357
1763.43,49.6435422
1764.075,49.6411109
1764.72,49.6613919
1765.365,49.6975445
1766.01,49.6742899
1766.655,49.4475118
1767.3,48.9668335
1767.945,48.5373836
1768.59,48.350474
1769.235,48.2591742
1769.88,48.140021
1770.525,47.9584853
1771.17,47.784492
1771.815,47.6774077
1772.46,47.6260036
1773.105,47.58918
1773.75,47.5394174
1774.395,47.4912395
1775.04,47.467572
1775.685,47.4739447
1776.33,47.5062458
1776.975,47.5505552
1777.62,47.5825327
1778.265,47.5628352
1778.91,47.4586461
1779.555,47.2767423
1780.2,47.0492427
1780.845,46.8278265
1781.49,46.6512809
1782.135,46.5562141
1782.78,46.5355621
1783.425,46.5415518
1784.07,46.5361434
1784.715,46.5109047
1785.36,46.4541797
1786.005,46.3134206
1786.65,46.0849374
1787.295,45.8813721
1787.94,45.7320696
1788.585,45.6185311
1789.23,45.5062497
1789.875,45.3795838
1790.52,45.2629191
1791.165,45.1427079
1791.81,44.9734917
1792.455,44.7917155
1793.1,44.6785339
1793.745,44.6338207
1794.39,44.6203003
1795.035,44.6109195
1795.68,44.5799983
1796.325,44.4780752
1796.97,44.2301746
1797.615,43.8972639
1798.26,43.6614283
1798.905,43.58504
1799.55,43.6157481
1800.195,43.6969492
1800.84,43.7861371
1801.485,43.8069766
1802.13,43.5637871
1802.775,43.0054392
1803.42,42.5715999
1804.065,42.328177
1804.71,42.2093837
1805.355,42.1633541
1806,42.14031
1806.645,42.1152474
1807.29,42.0920089
1807.935,42.069633
1808.58,42.0098556
1809.225,41.8761248
1809.87,41.7100607
1810.515,41.5855735
1811.16,41.5196103
1811.805,41.4975427
1812.45,41.5041835
1813.095,41.5230761
1813.74,41.5376387
1814.385,41.5374086
1815.03,41.5203776
1815.675,41.4872801
1816.32,41.4219447
1816.965,41.2781959
1817.61,40.9849153
1818.255,40.5509778
1818.9,40.2238969
1819.545,40.0954446
1820.19,40.0876406
1820.835,40.1187688
1821.48,40.1074897
1822.125,40.0014565
1822.77,39.8280593
1823.415,39.6907724
1824.06,39.625705
1824.705,39.5988378
1825.35,39.5861528
1825.995,39.5686505
1826.64,39.5136683
1827.285,39.3756561
1827.93,39.1558603
1828.575,38.9585017
1829.22,38.8346513
1829.865,38.7321397
1830.51,38.6102006
1831.155,38.4770409
1831.8,38.3744165
1832.445,38.3287625
1833.09,38.318009
1833.735,38.2961046
1834.38,38.2327058
1835.025,38.1431807
1835.67,38.0447311
1836.315,37.919006
1836.96,37.72857
1837.605,37.4642498
1838.25,37.2080577
1838.895,37.0505296
1839.54,36.9923905
1840.185,36.9793362
1840.83,36.9552987
1841.475,36.8772728
1842.12,36.7427973
1842.765,36.6125772
1843.41,36.5377071
1844.055,36.5046289
1844.7,36.4792617
1845.345,36.440293
1845.99,36.3683128
1846.635,36.2443795
1847.28,36.0960481
1847.925,35.9640364
1848.57,35.8360996
1849.215,35.7192469
1849.86,35.6383842
1850.505,35.5744038
1851.15,35.4955881
1851.795,35.4160502
1852.44,35.3781501
1853.085,35.3755166
1853.73,35.3537926
1854.375,35.2279071
1855.02,34.9507588
1855.665,34.653038
1856.31,34.4612024
1856.955,34.3485389
1857.6,34.2632012
1858.245,34.1515419
1858.89,33.970216
1859.535,33.7311208
1860.18,33.4890154
1860.825,33.2767663
1861.47,33.0693214
1862.115,32.8396157
1862.76,32.6187886
1863.405,32.4655166
1864.05,32.3943106
1864.695,32.3871036
1865.34,32.4379693
1865.985,32.5480287
1866.63,32.6901169
1867.275,32.7971181
1867.92,32.8144637
1868.565,32.7584969
1869.21,32.6743627
1869.855,32.5908817
1870.5,32.5190915
1871.145,32.4446409
1871.79,32.343464
1872.435,32.1685814
1873.08,31.8662993
1873.725,31.5057919
1874.37,31.2173745
1875.015,31.0209752
1875.66,30.8651925
1876.305,30.7003888
1876.95,30.4915101
1877.595,30.2525735
1878.24,30.0916478
1878.885,30.0565243
1879.53,30.0779122
1880.175,30.0927476
1880.82,30.0762224
1881.465,30.0283551
1882.11,29.969409
1882.755,29.9305512
1883.4,29.9296418
1884.045,29.9550945
1884.69,29.9595879
1885.335,29.8455389
1885.98,29.534616
1886.625,29.1849931
1887.27,28.9734413
1887.915,28.8738869
1888.56,28.8064587
1889.205,28.7091664
1889.85,28.5705649
1890.495,28.4454628
1891.14,28.3560628
1891.785,28.2710194
1892.43,28.1815533
1893.075,28.1165471
1893.72,28.0986314
1894.365,28.1166173
1895.01,28.1293133
1895.655,28.1095547
1896.3,28.07047267
1896.945,28.07437475
1897.59,28.07688778
1898.235,28.06439133
1898.88,27.8478342
1899.525,27.5153657
1900.17,27.0475841
1900.815,26.6425112
1901.46,26.4341784
1902.105,26.3066665
1902.75,26.2211666
1903.395,26.160288
1904.04,26.0943424
1904.685,26.0003582
1905.33,25.8544005
1905.975,25.5664369
1906.62,25.1445507
1907.265,24.8685936
1907.91,24.751092
1908.555,24.714254
1909.2,24.726037
1909.845,24.7665685
1910.49,24.7956255
1911.135,24.7570634
1911.78,24.6473329
1912.425,24.5237871
1913.07,24.4411647
1913.715,24.3875318
1914.36,24.3080994
1915.005,24.1580224
1915.65,23.9948545
1916.295,23.8934652
1916.94,23.8411878
1917.585,23.8086155
1918.23,23.7657251
1918.875,23.6259716
1919.52,23.3070274
1920.165,22.9812527
1920.81,22.8005673
1921.455,22.7039856
1922.1,22.6352366
1922.745,22.5905839
1923.39,22.6024384
1924.035,22.6827421
1924.68,22.7775823
1925.325,22.8052354
1925.97,22.7468761
1926.615,22.6162244
1927.26,22.3738271
1927.905,22.035502
1928.55,21.7535343
1929.195,21.5715451
1929.84,21.4066525
1930.485,21.1968537
1931.13,20.9710271
1931.775,20.7794301
1932.42,20.6347871
1933.065,20.540013
1933.71,20.5017629
1934.355,20.5039872
1935,20.4877553
1935.645,20.3955125
1936.29,20.2399593
1936.935,20.0733537
1937.58,19.9238376
1938.225,19.7905302
1938.87,19.6629201
1939.515,19.5257099
1940.16,19.3803643
1940.805,19.2386578
1941.45,19.0941579
1942.095,18.9441778
1942.74,18.8325563
1943.385,18.7875707
1944.03,18.7714078
1944.675,18.735978
1945.32,18.6523384
1945.965,18.5206181
1946.61,18.3695549
1947.255,18.2100197
1947.9,18.0292535
1948.545,17.8535758
1949.19,17.7339783
1949.835,17.666929
1950.48,17.613633
1951.125,17.5563866
1951.77,17.4978821
1952.415,17.4151064
1953.06,17.2245302
1953.705,16.9551569
1954.35,16.7789082
1954.995,16.6729309
1955.64,16.5994845
1956.285,16.5430642
1956.93,16.4898454
1957.575,16.4229439
1958.22,16.3287231
1958.865,16.2096516
1959.51,16.083709
1960.155,15.9675859
1960.8,15.8400441
1961.445,15.628021
1962.09,15.3364792
1962.735,15.1203171
1963.38,15.0486794
1964.025,15.0848061
1964.67,15.1772865
1965.315,15.2663963
1965.96,15.2881352
1966.605,15.223959
1967.25,15.1307739
1967.895,15.0810017
1968.54,15.0959137
1969.185,15.14342
1969.83,15.1940301
1970.475,15.2526704
1971.12,15.327448
1971.765,15.3947862
1972.41,15.3352842
1973.055,14.7589584
1973.7,13.22402867
1974.345,12.7365705
1974.99,12.6951902
1975.635,12.7112102
1976.28,12.6405942
1976.925,12.4832509
1977.57,12.3528005
1978.215,12.2998814
1978.86,12.2800428
1979.505,12.2365254
1980.15,12.1291219
1980.795,11.9684178
1981.44,11.7876004
1982.085,11.5759342
1982.73,11.3185031
1983.375,11.0669133
1984.02,10.8768628
1984.665,10.7513386
1985.31,10.6580203
1985.955,10.54125322
1986.6,10.39254933
1987.245,10.20650311
1987.89,10.0212729
1988.535,9.8744321
1989.18,9.740685333
1989.825,9.6207775
1990.47,9.526698286
1991.115,9.447853
1991.76,9.136613833
1992.405,8.526509857
1993.05,8.0397405
1993.695,7.8374607
1994.34,7.7768612
1994.985,7.7988459
1995.63,7.8671611
1996.275,7.938483
1996.92,7.9542866
1997.565,7.8329931
1998.21,7.4864286
1998.855,6.9746787
1999.5,6.6339894
2000.145,6.4893459
2000.79,6.3778179
2001.435,6.2080869
2002.08,5.9849117
2002.725,5.7824085
2003.37,5.6472003
2004.015,5.5504383
2004.66,5.456052
2005.305,5.3718587
2005.95,5.3127584
2006.595,5.2433002
2007.24,5.1006994
2007.885,4.9065602
2008.53,4.7602894
2009.175,4.6689908
2009.82,4.570232
2010.465,4.4065968
2011.11,4.259454667
2011.755,NA
2012.4,NA
2013.045,NA
2013.69,NA
2014.335,NA
2014.98,NA
2015.625,NA
2016.27,NA
2016.915,NA
2017.56,NA
2018.205,NA
2018.85,NA
2019.495,NA
2020.14,NA
2020.785,NA
2021.43,NA
2022.075,NA
2022.72,NA
2023.365,NA
2024.01,NA
2024.655,NA
2025.3,NA
2025.945,NA
2026.59,NA
2027.235,NA
2027.88,NA
2028.525,NA
2029.17,NA
2029.815,NA
2030.46,NA
2031.105,NA
2031.75,NA
2032.395,NA
2033.04,NA
2033.685,NA
2034.33,NA
2034.975,NA
2035.62,NA
2036.265,4.9387285
2036.91,4.66196875
2037.555,4.3125425
2038.2,NA
2038.845,NA
2039.49,NA
2040.135,NA
2040.78,NA
2041.425,NA
2042.07,NA
2042.715,NA
2043.36,NA
2044.005,NA
2044.65,4.856851667
2045.295,5.26394
2045.94,5.187746625
2046.585,5.304964286
2047.23,4.49926975
2047.875,4.438137333
2048.52,4.339028
2049.165,NA
2049.81,NA
2050.455,4.5590675
2051.1,5.276781
2051.745,5.223986833
2052.39,5.1030636
2053.035,4.98496675
2053.68,5.048534667
2054.325,4.999775333
2054.97,4.912887
2055.615,4.8031545
2056.26,NA
2056.905,NA
2057.55,NA
2058.195,4.362595
2058.84,8.5358362
2059.485,7.5549004
2060.13,7.781917
2060.775,8.733095
2061.42,NA
2062.065,NA
2062.71,NA
2063.355,NA
2064,NA
2064.645,NA
2065.29,NA
2065.935,NA
2066.58,NA
2067.225,NA
2067.87,NA
2068.515,NA
2069.16,NA
2069.805,NA
2070.45,NA
2071.095,NA
2071.74,NA
2072.385,NA
2073.03,NA
2073.675,NA
2074.32,NA
2074.965,NA
2075.61,NA
2076.255,NA
2076.9,NA
2077.545,NA
2078.19,NA
2078.835,NA
2079.48,NA
2080.125,NA
2080.77,NA
2081.415,NA
2082.06,NA
2082.705,NA
2083.35,NA
2083.995,NA
2084.64,NA
2085.285,NA
2085.93,NA
2086.575,NA
2087.22,NA
2087.865,NA
2088.51,NA
2089.155,NA
2089.8,NA
2090.445,NA
2091.09,NA
2091.735,NA
2092.38,NA
2093.025,NA
2093.67,NA
2094.315,NA
2094.96,NA
2095.605,NA
2096.25,NA
2096.895,NA
2097.54,NA
2098.185,NA
2098.83,NA
2099.475,NA
2100.12,NA
2100.765,NA
2101.41,NA
2102.055,NA
2102.7,NA
2103.345,NA
2103.99,NA
2104.635,NA
2105.28,NA
2105.925,NA
2106.57,NA
2107.215,NA
2107.86,NA
2108.505,NA
2109.15,NA
2109.795,NA
2110.44,NA
2111.085,NA
2111.73,NA
2112.375,NA
2113.02,NA
2113.665,NA
2114.31,NA
2114.955,NA
2115.6,NA
2116.245,NA
2116.89,NA
2117.535,NA
2118.18,NA
2118.825,NA
2119.47,NA
2120.115,NA
2120.76,NA
2121.405,NA
2122.05,NA
2122.695,NA
2123.34,NA
2123.985,NA
2124.63,NA
2125.275,NA
2125.92,NA
2126.565,NA
2127.21,NA
2127.855,NA
2128.5,NA
2129.145,NA
2129.79,NA
2130.435,NA
2131.08,NA
2131.725,NA
2132.37,NA
2133.015,NA
2133.66,NA
2134.305,NA
2134.95,NA
2135.595,NA
2136.24,NA
2136.885,NA
2137.53,NA
2138.175,NA
2138.82,NA
2139.465,NA
2140.11,NA
2140.755,NA
2141.4,NA
2142.045,NA
2142.69,NA
2143.335,NA
2143.98,NA
2144.625,NA
2145.27,NA
2145.915,NA
2146.56,NA
2147.205,NA
2147.85,NA
2148.495,NA
2149.14,NA
2149.785,NA
2150.43,NA
2151.075,NA
2151.72,NA
2152.365,NA
2153.01,NA
2153.655,NA
2154.3,NA
2154.945,NA
2155.59,NA
2156.235,NA
2156.88,NA
2157.525,NA
