"","x","value"
"1",0,NA
"2",0.645,NA
"3",1.29,NA
"4",1.935,NA
"5",2.58,NA
"6",3.225,NA
"7",3.87,NA
"8",4.515,NA
"9",5.16,NA
"10",5.805,NA
"11",6.45,NA
"12",7.095,NA
"13",7.74,NA
"14",8.385,NA
"15",9.03,NA
"16",9.675,NA
"17",10.32,NA
"18",10.965,NA
"19",11.61,NA
"20",12.255,NA
"21",12.9,NA
"22",13.545,NA
"23",14.19,NA
"24",14.835,NA
"25",15.48,NA
"26",16.125,NA
"27",16.77,NA
"28",17.415,NA
"29",18.06,NA
"30",18.705,NA
"31",19.35,NA
"32",19.995,NA
"33",20.64,NA
"34",21.285,NA
"35",21.93,NA
"36",22.575,NA
"37",23.22,NA
"38",23.865,NA
"39",24.51,NA
"40",25.155,NA
"41",25.8,NA
"42",26.445,NA
"43",27.09,NA
"44",27.735,NA
"45",28.38,9.215558
"46",29.025,9.08350166666666
"47",29.67,9.61771814285714
"48",30.315,11.3951098
"49",30.96,10.8558197
"50",31.605,10.2474619
"51",32.25,10.3104568
"52",32.895,10.3634568
"53",33.54,10.415951
"54",34.185,10.4732293
"55",34.83,10.5413384
"56",35.475,10.6289564
"57",36.12,10.7332585
"58",36.765,10.8259099
"59",37.41,10.8919305
"60",38.055,10.997921
"61",38.7,11.3097813
"62",39.345,11.774786
"63",39.99,12.0194844
"64",40.635,12.0915681
"65",41.28,12.1136429
"66",41.925,12.148003
"67",42.57,12.2311055
"68",43.215,12.3699043
"69",43.86,12.5367043
"70",44.505,12.7061091
"71",45.15,12.8677735
"72",45.795,13.0045455
"73",46.44,13.1028854
"74",47.085,13.1721242
"75",47.73,13.2349055
"76",48.375,13.3074636
"77",49.02,13.3850872
"78",49.665,13.4452427
"79",50.31,13.4698296
"80",50.955,13.4621246
"81",51.6,13.4469296
"82",52.245,13.456117
"83",52.89,13.4633605
"84",53.535,13.956324
"85",54.18,13.4746507142857
"86",54.825,12.6815467142857
"87",55.47,11.45600275
"88",56.115,10.1363758333333
"89",56.76,8.88195466666667
"90",57.405,8.501015
"91",58.05,7.57776514285714
"92",58.695,6.87164666666667
"93",59.34,6.3043175
"94",59.985,5.9656757
"95",60.63,5.7223795
"96",61.275,5.4980314
"97",61.92,5.2794083
"98",62.565,5.0743462
"99",63.21,4.811728
"100",63.855,4.4732873
"101",64.5,4.1537938
"102",65.145,3.9245926
"103",65.79,3.7783732
"104",66.435,3.6792437
"105",67.08,3.52336
"106",67.725,2.9385741
"107",68.37,1.7520806
"108",69.015,1.2708783
"109",69.66,1.1886807
"110",70.305,1.1905401
"111",70.95,1.1723527
"112",71.595,1.0405396
"113",72.24,0.861435333333331
"114",72.885,NA
"115",73.53,NA
"116",74.175,NA
"117",74.82,NA
"118",75.465,NA
"119",76.11,NA
"120",76.755,NA
"121",77.4,NA
"122",78.045,NA
"123",78.69,NA
"124",79.335,NA
"125",79.98,NA
"126",80.625,NA
"127",81.27,NA
"128",81.915,NA
"129",82.56,0.880161499999996
"130",83.205,1.4083825
"131",83.85,NA
"132",84.495,NA
"133",85.14,NA
"134",85.785,NA
"135",86.43,NA
"136",87.075,NA
"137",87.72,3.827233
"138",88.365,3.18366533333333
"139",89.01,1.75066566666667
"140",89.655,1.1539475
"141",90.3,0.954416499999999
"142",90.945,1.073414875
"143",91.59,1.141470875
"144",92.235,1.016288
"145",92.88,0.928540285714285
"146",93.525,0.853701199999999
"147",94.17,0.860292000000001
"148",94.815,0.85169614285714
"149",95.46,1.063146875
"150",96.105,1.42615325
"151",96.75,1.99143442857143
"152",97.395,2.80872516666666
"153",98.04,4.287014
"154",98.685,NA
"155",99.33,NA
"156",99.975,NA
"157",100.62,NA
"158",101.265,NA
"159",101.91,NA
"160",102.555,NA
"161",103.2,NA
"162",103.845,NA
"163",104.49,NA
"164",105.135,NA
"165",105.78,NA
"166",106.425,NA
"167",107.07,NA
"168",107.715,NA
"169",108.36,NA
"170",109.005,NA
"171",109.65,NA
"172",110.295,NA
"173",110.94,NA
"174",111.585,NA
"175",112.23,NA
"176",112.875,NA
"177",113.52,NA
"178",114.165,NA
"179",114.81,NA
"180",115.455,NA
"181",116.1,NA
"182",116.745,NA
"183",117.39,NA
"184",118.035,NA
"185",118.68,NA
"186",119.325,NA
"187",119.97,NA
"188",120.615,NA
"189",121.26,NA
"190",121.905,NA
"191",122.55,NA
"192",123.195,NA
"193",123.84,NA
"194",124.485,NA
"195",125.13,NA
"196",125.775,NA
"197",126.42,NA
"198",127.065,NA
"199",127.71,NA
"200",128.355,NA
"201",129,NA
"202",129.645,NA
"203",130.29,NA
"204",130.935,NA
"205",131.58,NA
"206",132.225,NA
"207",132.87,NA
"208",133.515,NA
"209",134.16,0.601762899999998
"210",134.805,0.809364199999998
"211",135.45,1.0689106
"212",136.095,1.3058652
"213",136.74,1.4405677
"214",137.385,1.4819438
"215",138.03,1.5073659
"216",138.675,1.5973698
"217",139.32,1.802087
"218",139.965,2.1030012
"219",140.61,2.4324456
"220",141.255,2.7437699
"221",141.9,2.9485199
"222",142.545,3.0298082
"223",143.19,3.065423
"224",143.835,3.1004852
"225",144.48,3.1596012
"226",145.125,3.2624204
"227",145.77,3.39490266666666
"228",146.415,3.575404
"229",147.06,3.7728
"230",147.705,3.96746914285714
"231",148.35,4.136213
"232",148.995,4.299436
"233",149.64,4.4247565
"234",150.285,4.6909736
"235",150.93,4.8804258
"236",151.575,5.126754
"237",152.22,5.4029973
"238",152.865,5.6588864
"239",153.51,5.8822774
"240",154.155,6.0600087
"241",154.8,6.2007169
"242",155.445,6.3245866
"243",156.09,6.4372207
"244",156.735,6.5415051
"245",157.38,6.6505952
"246",158.025,6.789129
"247",158.67,6.9584517
"248",159.315,7.1217082
"249",159.96,7.2608022
"250",160.605,7.3932896
"251",161.25,7.5371743
"252",161.895,7.6731183
"253",162.54,7.7465782
"254",163.185,7.7416108
"255",163.83,7.7002025
"256",164.475,7.6695088
"257",165.12,7.6718449
"258",165.765,7.7069958
"259",166.41,7.7709931
"260",167.055,7.8607904
"261",167.7,7.9753124
"262",168.345,8.1189648
"263",168.99,8.2932842
"264",169.635,8.4679532
"265",170.28,8.535594
"266",170.925,8.4731773
"267",171.57,8.4011603
"268",172.215,8.3454587
"269",172.86,8.297359
"270",173.505,8.2664854
"271",174.15,8.2671779
"272",174.795,8.2977332
"273",175.44,8.3493055
"274",176.085,8.4221198
"275",176.73,8.519632
"276",177.375,8.6298276
"277",178.02,8.7433625
"278",178.665,8.8780312
"279",179.31,9.0187393
"280",179.955,9.1323003
"281",180.6,9.2252548
"282",181.245,9.3244619
"283",181.89,9.4834897
"284",182.535,9.7678891
"285",183.18,10.1578892
"286",183.825,10.5017584
"287",184.47,10.7432817
"288",185.115,10.9372078
"289",185.76,11.1291025
"290",186.405,11.3170368
"291",187.05,11.5059956
"292",187.695,11.7245351
"293",188.34,11.9552976
"294",188.985,12.1603188
"295",189.63,12.3506671
"296",190.275,12.5384476
"297",190.92,12.6742595
"298",191.565,12.7235302
"299",192.21,12.7195968
"300",192.855,12.7040195
"301",193.5,12.7137177
"302",194.145,12.7835916
"303",194.79,12.9413201
"304",195.435,13.1828819
"305",196.08,13.4281513
"306",196.725,13.5734311
"307",197.37,13.6332836
"308",198.015,13.7072808
"309",198.66,13.8831084
"310",199.305,14.1670243
"311",199.95,14.406149
"312",200.595,14.5281765
"313",201.24,14.5913308
"314",201.885,14.6521683
"315",202.53,14.7351823
"316",203.175,14.8381307
"317",203.82,14.9351761
"318",204.465,14.9968943
"319",205.11,15.0152862
"320",205.755,14.9904329
"321",206.4,14.954821
"322",207.045,14.9664498
"323",207.69,15.046991
"324",208.335,15.1950524
"325",208.98,15.3854832
"326",209.625,15.5799939
"327",210.27,15.7574285
"328",210.915,15.9478535
"329",211.56,16.1691659
"330",212.205,16.3758064
"331",212.85,16.5506809
"332",213.495,16.7273141
"333",214.14,16.9212413
"334",214.785,17.1041929
"335",215.43,17.2453541
"336",216.075,17.3557361
"337",216.72,17.4661301
"338",217.365,17.5993038
"339",218.01,17.7694822
"340",218.655,17.9769073
"341",219.3,18.1819988
"342",219.945,18.3310276
"343",220.59,18.4455113
"344",221.235,18.5864822
"345",221.88,18.7631373
"346",222.525,18.9326065
"347",223.17,19.0507393
"348",223.815,19.1194874
"349",224.46,19.1647011
"350",225.105,19.2140684
"351",225.75,19.309874
"352",226.395,19.5172605
"353",227.04,19.8258922
"354",227.685,20.0836198
"355",228.33,20.2212265
"356",228.975,20.2917198
"357",229.62,20.3596138
"358",230.265,20.475687
"359",230.91,20.6773469
"360",231.555,20.9087314
"361",232.2,21.0722407
"362",232.845,21.182944
"363",233.49,21.2908375
"364",234.135,21.410666
"365",234.78,21.5309815
"366",235.425,21.6441956
"367",236.07,21.7756673
"368",236.715,21.9843493
"369",237.36,22.3031714
"370",238.005,22.6039853
"371",238.65,22.7706568
"372",239.295,22.8451397
"373",239.94,22.8838355
"374",240.585,22.9246716
"375",241.23,22.9859719
"376",241.875,23.0744603
"377",242.52,23.2043653
"378",243.165,23.4163225
"379",243.81,23.7053596
"380",244.455,23.8840955
"381",245.1,23.9047687
"382",245.745,23.8991524
"383",246.39,23.9462839
"384",247.035,24.045389
"385",247.68,24.1577202
"386",248.325,24.2536307
"387",248.97,24.3023957
"388",249.615,24.2840215
"389",250.26,24.2535179
"390",250.905,24.2638257
"391",251.55,24.3063766
"392",252.195,24.3555206
"393",252.84,24.384561
"394",253.485,24.3776471
"395",254.13,24.3572835
"396",254.775,24.3586833
"397",255.42,24.4066528
"398",256.065,24.5512455
"399",256.71,24.8590995
"400",257.355,25.2202286
"401",258,25.4279342
"402",258.645,25.5145928
"403",259.29,25.5617449
"404",259.935,25.6169977
"405",260.58,25.6949406
"406",261.225,25.7891843
"407",261.87,25.9006864
"408",262.515,26.026493
"409",263.16,26.1378774
"410",263.805,26.2090169
"411",264.45,26.2462438
"412",265.095,26.2768259
"413",265.74,26.3353972
"414",266.385,26.4556303
"415",267.03,26.6526284
"416",267.675,26.9164979
"417",268.32,27.1895138
"418",268.965,27.3812623
"419",269.61,27.5112156
"420",270.255,27.6433262
"421",270.9,27.7968654
"422",271.545,27.9552314
"423",272.19,28.1125054
"424",272.835,28.296975
"425",273.48,28.5209244
"426",274.125,28.7361635
"427",274.77,28.8971666
"428",275.415,29.0085462
"429",276.06,29.0988197
"430",276.705,29.2082738
"431",277.35,29.3862321
"432",277.995,29.6668279
"433",278.64,30.0016245
"434",279.285,30.2871493
"435",279.93,30.5011495
"436",280.575,30.6646345
"437",281.22,30.7945531
"438",281.865,30.9088272
"439",282.51,31.039284
"440",283.155,31.1499746
"441",283.8,31.1963695
"442",284.445,31.1950629
"443",285.09,31.1846665
"444",285.735,31.1978664
"445",286.38,31.2465394
"446",287.025,31.3261263
"447",287.67,31.4306649
"448",288.315,31.564591
"449",288.96,31.7292312
"450",289.605,31.8893617
"451",290.25,31.9673279
"452",290.895,31.9169839
"453",291.54,31.783881
"454",292.185,31.6499007
"455",292.83,31.5664947
"456",293.475,31.5654584
"457",294.12,31.6593537
"458",294.765,31.7705913
"459",295.41,31.7840402
"460",296.055,31.7261682
"461",296.7,31.6735114
"462",297.345,31.6659925
"463",297.99,31.7050651
"464",298.635,31.7677087
"465",299.28,31.8389579
"466",299.925,31.9283609
"467",300.57,32.038538
"468",301.215,32.1315266
"469",301.86,32.1774782
"470",302.505,32.1870717
"471",303.15,32.1976746
"472",303.795,32.253299
"473",304.44,32.3493335
"474",305.085,32.4424244
"475",305.73,32.5443988
"476",306.375,32.7081815
"477",307.02,32.9488133
"478",307.665,33.1944905
"479",308.31,33.3624666
"480",308.955,33.459847
"481",309.6,33.5400744
"482",310.245,33.6646754
"483",310.89,33.8579986
"484",311.535,34.0537748
"485",312.18,34.1799623
"486",312.825,34.2438042
"487",313.47,34.2918912
"488",314.115,34.3662207
"489",314.76,34.4905843
"490",315.405,34.6818735
"491",316.05,34.9500998
"492",316.695,35.2678562
"493",317.34,35.5117238
"494",317.985,35.5430625
"495",318.63,35.4721569
"496",319.275,35.4270787
"497",319.92,35.5023294
"498",320.565,35.7835406
"499",321.21,36.2887966
"500",321.855,36.9297038
"501",322.5,37.3762594
"502",323.145,37.64255125
"503",323.79,37.812007375
"504",324.435,37.9257909
"505",325.08,37.8718604
"506",325.725,37.6685944
"507",326.37,37.4393003
"508",327.015,37.2866235
"509",327.66,37.2655565
"510",328.305,37.3991741
"511",328.95,37.6419912
"512",329.595,37.8560211
"513",330.24,37.9663381
"514",330.885,38.006184
"515",331.53,38.0066502
"516",332.175,37.9689821
"517",332.82,37.9023607
"518",333.465,37.8534751
"519",334.11,37.8608248
"520",334.755,37.9247171
"521",335.4,38.0209654
"522",336.045,38.1135094
"523",336.69,38.1917186
"524",337.335,38.2762128
"525",337.98,38.3784728
"526",338.625,38.488867
"527",339.27,38.6018965
"528",339.915,38.7189976
"529",340.56,38.8230755
"530",341.205,38.8867733
"531",341.85,38.9182174
"532",342.495,38.9712432
"533",343.14,39.0907148
"534",343.785,39.2733081
"535",344.43,39.4791675
"536",345.075,39.6568424
"537",345.72,39.8101295
"538",346.365,39.9585438
"539",347.01,40.1099968
"540",347.655,40.292252
"541",348.3,40.5874909
"542",348.945,41.033406
"543",349.59,41.4129235555556
"544",350.235,41.6483822
"545",350.88,41.742556
"546",351.525,41.7749183
"547",352.17,41.8083417
"548",352.815,41.8798078
"549",353.46,41.980618
"550",354.105,42.0604137
"551",354.75,42.0856706
"552",355.395,42.0701703
"553",356.04,42.0333302
"554",356.685,41.9957939
"555",357.33,41.9889257
"556",357.975,42.0199928
"557",358.62,42.0720943
"558",359.265,42.1354801
"559",359.91,42.2212948
"560",360.555,42.354379
"561",361.2,42.5170266
"562",361.845,42.6017799
"563",362.49,42.5928801
"564",363.135,42.5974043
"565",363.78,42.654375
"566",364.425,42.7623867
"567",365.07,42.9197311
"568",365.715,43.120373
"569",366.36,43.3195977
"570",367.005,43.4461093
"571",367.65,43.4969097
"572",368.295,43.4943928
"573",368.94,43.4516061
"574",369.585,43.3881381
"575",370.23,43.3358878
"576",370.875,43.311345
"577",371.52,43.3131587
"578",372.165,43.351505
"579",372.81,43.4465834
"580",373.455,43.5969619
"581",374.1,43.7655678
"582",374.745,43.926037
"583",375.39,44.1001758
"584",376.035,44.3013117
"585",376.68,44.4838656
"586",377.325,44.5905188
"587",377.97,44.6173802
"588",378.615,44.6119894
"589",379.26,44.6306398
"590",379.905,44.7211313
"591",380.55,44.9087555
"592",381.195,45.1419594
"593",381.84,45.3302241
"594",382.485,45.4544153
"595",383.13,45.5529693
"596",383.775,45.6540287
"597",384.42,45.7476754
"598",385.065,45.8114643
"599",385.71,45.8558568
"600",386.355,45.9153946
"601",387,46.0236573
"602",387.645,46.1816323
"603",388.29,46.3284038
"604",388.935,46.4287092
"605",389.58,46.5260916
"606",390.225,46.6771733
"607",390.87,46.9007385
"608",391.515,47.1500477
"609",392.16,47.3586645
"610",392.805,47.5429582
"611",393.45,47.7975589
"612",394.095,48.2243934
"613",394.74,48.6533965
"614",395.385,48.8530741
"615",396.03,48.9459908
"616",396.675,49.0351873
"617",397.32,49.1376976
"618",397.965,49.2638381
"619",398.61,49.3989796
"620",399.255,49.4871365
"621",399.9,49.5272919
"622",400.545,49.5760128
"623",401.19,49.6734504
"624",401.835,49.8220511
"625",402.48,50.0066896
"626",403.125,50.2149194
"627",403.77,50.4620461
"628",404.415,50.8990054
"629",405.06,51.4761319
"630",405.705,51.752574
"631",406.35,51.8478068
"632",406.995,51.9106513
"633",407.64,51.9357627
"634",408.285,51.9208693
"635",408.93,51.8570279
"636",409.575,51.7553408
"637",410.22,51.6854295
"638",410.865,51.7287787
"639",411.51,51.9050824
"640",412.155,52.1461781
"641",412.8,52.3918682
"642",413.445,52.6142485
"643",414.09,52.75072
"644",414.735,52.7702035
"645",415.38,52.7490854
"646",416.025,52.7889745
"647",416.67,52.9276103
"648",417.315,53.1523654
"649",417.96,53.4125574
"650",418.605,53.644165
"651",419.25,53.8471263
"652",419.895,54.1206235
"653",420.54,54.4745271
"654",421.185,54.7448297
"655",421.83,54.8504887
"656",422.475,54.8576243
"657",423.12,54.8481725
"658",423.765,54.8733643
"659",424.41,54.9372713
"660",425.055,55.0259446
"661",425.7,55.1244669
"662",426.345,55.2118165
"663",426.99,55.2819799
"664",427.635,55.3428302
"665",428.28,55.4110822
"666",428.925,55.5417324
"667",429.57,55.8552663
"668",430.215,56.3670764
"669",430.86,56.763362
"670",431.505,56.9103063
"671",432.15,56.9358
"672",432.795,56.9457851
"673",433.44,56.9959375
"674",434.085,57.1256112
"675",434.73,57.3645879
"676",435.375,57.6766884
"677",436.02,57.9300068
"678",436.665,58.0613011
"679",437.31,58.125304
"680",437.955,58.1956231
"681",438.6,58.3294623
"682",439.245,58.5657781
"683",439.89,58.9112913
"684",440.535,59.3075359
"685",441.18,59.6698371
"686",441.825,59.9836163
"687",442.47,60.294033
"688",443.115,60.5806972
"689",443.76,60.7619944
"690",444.405,60.8232275
"691",445.05,60.8237564
"692",445.695,60.8250781
"693",446.34,60.8628403
"694",446.985,60.9393742
"695",447.63,61.0282162
"696",448.275,61.1039574
"697",448.92,61.1640501
"698",449.565,61.2043072
"699",450.21,61.1705856
"700",450.855,61.0513857
"701",451.5,60.9073968
"702",452.145,60.7796179
"703",452.79,60.6955847
"704",453.435,60.67643
"705",454.08,60.7228065
"706",454.725,60.7966508
"707",455.37,60.8544358
"708",456.015,60.9099441
"709",456.66,61.0008291
"710",457.305,61.1298398
"711",457.95,61.2495042
"712",458.595,61.3138334
"713",459.24,61.3329314
"714",459.885,61.35585
"715",460.53,61.4227896
"716",461.175,61.5238813
"717",461.82,61.6021743
"718",462.465,61.6293087
"719",463.11,61.6249247
"720",463.755,61.6010185
"721",464.4,61.5555334
"722",465.045,61.5031515
"723",465.69,61.4691587
"724",466.335,61.4769391
"725",466.98,61.5520782
"726",467.625,61.6985039
"727",468.27,61.8608499
"728",468.915,62.0048318
"729",469.56,62.1695224
"730",470.205,62.4028546
"731",470.85,62.6626411
"732",471.495,62.8530619
"733",472.14,62.9725971
"734",472.785,63.0695084
"735",473.43,63.1710874
"736",474.075,63.2727294
"737",474.72,63.3645051
"738",475.365,63.4612717
"739",476.01,63.5839851
"740",476.655,63.7194159
"741",477.3,63.8320323
"742",477.945,63.9011297
"743",478.59,63.9432259
"744",479.235,64.0034419
"745",479.88,64.118629
"746",480.525,64.2941148
"747",481.17,64.5190741
"748",481.815,64.7811263
"749",482.46,65.0553903
"750",483.105,65.2629447
"751",483.75,65.3459595
"752",484.395,65.3430282
"753",485.04,65.3140084
"754",485.685,65.3034073
"755",486.33,65.3447789
"756",486.975,65.4891811
"757",487.62,65.7897117
"758",488.265,66.1143265
"759",488.91,66.2915498
"760",489.555,66.3188863
"761",490.2,66.2509731
"762",490.845,66.1510356
"763",491.49,66.0733209
"764",492.135,66.0427201
"765",492.78,66.0361219
"766",493.425,66.000143
"767",494.07,65.906349
"768",494.715,65.7822842
"769",495.36,65.6750571
"770",496.005,65.612459
"771",496.65,65.5994221
"772",497.295,65.5671597777778
"773",497.94,66.044301
"774",498.585,66.1166908
"775",499.23,66.255309
"776",499.875,66.5994317
"777",500.52,66.7637314
"778",501.165,66.8648058
"779",501.81,66.9521517
"780",502.455,67.08385
"781",503.1,67.3108089
"782",503.745,67.5499771
"783",504.39,67.6508318
"784",505.035,67.6400468
"785",505.68,67.6079249
"786",506.325,67.604006
"787",506.97,67.6592933
"788",507.615,67.8012683
"789",508.26,68.0065959
"790",508.905,68.2557432
"791",509.55,68.5712176
"792",510.195,68.93114
"793",510.84,69.250025
"794",511.485,69.4572609
"795",512.13,69.5610531
"796",512.775,69.6048526
"797",513.42,69.6271844
"798",514.065,69.6536024
"799",514.71,69.6950545
"800",515.355,69.746167
"801",516,69.7896132
"802",516.645,69.7991852
"803",517.29,69.7520726
"804",517.935,69.6537593
"805",518.58,69.5347243
"806",519.225,69.4266844
"807",519.87,69.3545624
"808",520.515,69.3303494
"809",521.16,69.3392469
"810",521.805,69.3477958
"811",522.45,69.3236531
"812",523.095,69.2548394
"813",523.74,69.1727494
"814",524.385,69.1260261
"815",525.03,69.1140715
"816",525.675,69.1044543
"817",526.32,69.0728625
"818",526.965,69.005799
"819",527.61,68.892411
"820",528.255,68.7507814
"821",528.9,68.6364312
"822",529.545,68.6020533
"823",530.19,68.6742048
"824",530.835,68.826551
"825",531.48,68.9742454
"826",532.125,69.0639514
"827",532.77,69.1075402
"828",533.415,69.1468767
"829",534.06,69.2191272
"830",534.705,69.3262978
"831",535.35,69.4354225
"832",535.995,69.5301276
"833",536.64,69.6188959
"834",537.285,69.6944922
"835",537.93,69.7433364
"836",538.575,69.7613107
"837",539.22,69.7563698
"838",539.865,69.75049
"839",540.51,69.7557417
"840",541.155,69.7463404
"841",541.8,69.6917997
"842",542.445,69.6115273
"843",543.09,69.5652706
"844",543.735,69.5927448
"845",544.38,69.6839838
"846",545.025,69.8057871
"847",545.67,69.9494599
"848",546.315,70.1039092
"849",546.96,70.2331559
"850",547.605,70.3387014
"851",548.25,70.4440921
"852",548.895,70.5437805
"853",549.54,70.6089636
"854",550.185,70.6253819
"855",550.83,70.608657
"856",551.475,70.5799699
"857",552.12,70.5524052
"858",552.765,70.5391664
"859",553.41,70.5559589
"860",554.055,70.6042569
"861",554.7,70.6609376
"862",555.345,70.7012938
"863",555.99,70.7269582
"864",556.635,70.7524597
"865",557.28,70.7869778
"866",557.925,70.8393515
"867",558.57,70.9212911
"868",559.215,71.0446902
"869",559.86,71.2160754
"870",560.505,71.428714
"871",561.15,71.6495349
"872",561.795,71.8297454
"873",562.44,71.9567032
"874",563.085,72.0427946
"875",563.73,72.0984426
"876",564.375,72.1358874
"877",565.02,72.1705608
"878",565.665,72.2058757
"879",566.31,72.2249678
"880",566.955,72.2018227
"881",567.6,72.1478803
"882",568.245,72.1401386
"883",568.89,72.2394945
"884",569.535,72.4350095
"885",570.18,72.6550332
"886",570.825,72.8117157
"887",571.47,72.8787157
"888",572.115,72.846171125
"889",572.76,72.8545355
"890",573.405,72.9995778333333
"891",574.05,73.130489125
"892",574.695,73.190959
"893",575.34,73.1948079
"894",575.985,73.1888783
"895",576.63,73.1641979
"896",577.275,73.1063146
"897",577.92,73.0250255
"898",578.565,72.947125
"899",579.21,72.8974098
"900",579.855,72.8835234
"901",580.5,72.8820236
"902",581.145,72.8709167
"903",581.79,72.863305
"904",582.435,72.8794328
"905",583.08,72.9424329
"906",583.725,73.0727359
"907",584.37,73.2370175
"908",585.015,73.3676139
"909",585.66,73.4496597
"910",586.305,73.514488
"911",586.95,73.5977644
"912",587.595,73.7121133
"913",588.24,73.824992
"914",588.885,73.8722125
"915",589.53,73.8420553
"916",590.175,73.7864734
"917",590.82,73.7552536
"918",591.465,73.7675694
"919",592.11,73.8056087
"920",592.755,73.8389385
"921",593.4,73.8631434
"922",594.045,73.9023072
"923",594.69,73.9818522
"924",595.335,74.0771858
"925",595.98,74.1086373
"926",596.625,74.0455715
"927",597.27,73.9422308
"928",597.915,73.8577841
"929",598.56,73.7933503
"930",599.205,73.7295723
"931",599.85,73.6785473
"932",600.495,73.6621761
"933",601.14,73.6806235
"934",601.785,73.7201553
"935",602.43,73.7646091
"936",603.075,73.8124382
"937",603.72,73.8765849
"938",604.365,73.9481621
"939",605.01,74.0073045
"940",605.655,74.053233
"941",606.3,74.1038354
"942",606.945,74.1723055
"943",607.59,74.255761
"944",608.235,74.3423438
"945",608.88,74.429902
"946",609.525,74.5357418
"947",610.17,74.6760142
"948",610.815,74.8329049
"949",611.46,74.9232028
"950",612.105,74.9613835
"951",612.75,75.0101041
"952",613.395,75.0914312
"953",614.04,75.189689
"954",614.685,75.2648855
"955",615.33,75.2980506
"956",615.975,75.3230115
"957",616.62,75.4102855
"958",617.265,75.6239263
"959",617.91,75.9327089
"960",618.555,76.2395048
"961",619.2,76.5420286
"962",619.845,76.9085434
"963",620.49,77.2897071
"964",621.135,77.5267505
"965",621.78,77.5990699
"966",622.425,77.6083973
"967",623.07,77.6130426
"968",623.715,77.6331451
"969",624.36,77.6906851
"970",625.005,77.7955764
"971",625.65,77.8967664
"972",626.295,77.9144667
"973",626.94,77.8565827
"974",627.585,77.7738536
"975",628.23,77.6896621
"976",628.875,77.6304983
"977",629.52,77.6374342
"978",630.165,77.7174966
"979",630.81,77.8259791
"980",631.455,77.9292721
"981",632.1,78.0227751
"982",632.745,78.1042152
"983",633.39,78.1746234
"984",634.035,78.2530769
"985",634.68,78.375062
"986",635.325,78.5684983
"987",635.97,78.7992423
"988",636.615,78.9839338571429
"989",637.26,79.0363211666667
"990",637.905,78.9564173333333
"991",638.55,78.8597696666667
"992",639.195,78.9447843
"993",639.84,78.932431
"994",640.485,78.9466988
"995",641.13,78.9876387
"996",641.775,79.058024
"997",642.42,79.1457747
"998",643.065,79.2161926
"999",643.71,79.2460226
"1000",644.355,79.2435063
"1001",645,79.2391671
"1002",645.645,79.2781113
"1003",646.29,79.4073114
"1004",646.935,79.635115
"1005",647.58,79.8603906
"1006",648.225,79.9791582
"1007",648.87,79.9972931
"1008",649.515,79.9535388
"1009",650.16,79.898236
"1010",650.805,79.8788018
"1011",651.45,79.9106572
"1012",652.095,79.9876792
"1013",652.74,80.1025513
"1014",653.385,80.2393134
"1015",654.03,80.3639067
"1016",654.675,80.4695237
"1017",655.32,80.5841132
"1018",655.965,80.732601
"1019",656.61,80.9050283
"1020",657.255,81.0568933
"1021",657.9,81.1531797
"1022",658.545,81.1725486
"1023",659.19,81.1112599
"1024",659.835,81.0131658
"1025",660.48,80.9196791
"1026",661.125,80.8493336
"1027",661.77,80.8150511
"1028",662.415,80.8189943
"1029",663.06,80.8454305
"1030",663.705,80.8960064
"1031",664.35,81.0000367
"1032",664.995,81.1426567
"1033",665.64,81.2539753
"1034",666.285,81.3139452
"1035",666.93,81.3434855
"1036",667.575,81.3632762
"1037",668.22,81.3821461
"1038",668.865,81.4054299
"1039",669.51,81.443233
"1040",670.155,81.5102937
"1041",670.8,81.5958737
"1042",671.445,81.6526925
"1043",672.09,81.6556212
"1044",672.735,81.6415502
"1045",673.38,81.6703574
"1046",674.025,81.7764735
"1047",674.67,81.9385376
"1048",675.315,82.0755631
"1049",675.96,82.1324846
"1050",676.605,82.1448227
"1051",677.25,82.1598424
"1052",677.895,82.1792038
"1053",678.54,82.1862755
"1054",679.185,82.1810256
"1055",679.83,82.1802737
"1056",680.475,82.1968925
"1057",681.12,82.2313474
"1058",681.765,82.2839272
"1059",682.41,82.3501962
"1060",683.055,82.4087634
"1061",683.7,82.4489567
"1062",684.345,82.4785138
"1063",684.99,82.4930164
"1064",685.635,82.482585
"1065",686.28,82.4537781
"1066",686.925,82.4275312
"1067",687.57,82.4148063
"1068",688.215,82.4010755
"1069",688.86,82.3776137
"1070",689.505,82.3587501
"1071",690.15,82.3584511
"1072",690.795,82.3890499
"1073",691.44,82.4607081
"1074",692.085,82.5687428
"1075",692.73,82.6860916
"1076",693.375,82.7854217
"1077",694.02,82.8606318
"1078",694.665,82.9085996
"1079",695.31,82.9399004
"1080",695.955,82.981084
"1081",696.6,83.0506887
"1082",697.245,83.1485932
"1083",697.89,83.2572022
"1084",698.535,83.3497597
"1085",699.18,83.4036694
"1086",699.825,83.4177606
"1087",700.47,83.4161444
"1088",701.115,83.4184563
"1089",701.76,83.4205911
"1090",702.405,83.3969171
"1091",703.05,83.3332206
"1092",703.695,83.2735039
"1093",704.34,83.3022159
"1094",704.985,83.4725702
"1095",705.63,83.7178164
"1096",706.275,83.8836335
"1097",706.92,83.9494532
"1098",707.565,83.9886845
"1099",708.21,84.0435899
"1100",708.855,84.1233628
"1101",709.5,84.2223546
"1102",710.145,84.3281508
"1103",710.79,84.4220095
"1104",711.435,84.4782341
"1105",712.08,84.487044
"1106",712.725,84.4791114
"1107",713.37,84.5137333
"1108",714.015,84.6488594
"1109",714.66,84.8769952
"1110",715.305,85.1184201
"1111",715.95,85.3124649
"1112",716.595,85.4272707
"1113",717.24,85.4548785
"1114",717.885,85.4249437
"1115",718.53,85.3782216
"1116",719.175,85.3367155
"1117",719.82,85.3146117
"1118",720.465,85.3334569
"1119",721.11,85.4116908
"1120",721.755,85.5419665
"1121",722.4,85.6895723
"1122",723.045,85.8199945
"1123",723.69,85.9336106
"1124",724.335,86.0562786
"1125",724.98,86.1808658
"1126",725.625,86.2679299
"1127",726.27,86.303238
"1128",726.915,86.3053088
"1129",727.56,86.3034969
"1130",728.205,86.3121628
"1131",728.85,86.3258142
"1132",729.495,86.3414227
"1133",730.14,86.3726884
"1134",730.785,86.4266165
"1135",731.43,86.4892637
"1136",732.075,86.5519886
"1137",732.72,86.621784
"1138",733.365,86.7052313
"1139",734.01,86.7930086
"1140",734.655,86.8686789
"1141",735.3,86.9413667
"1142",735.945,87.0444581
"1143",736.59,87.1873391
"1144",737.235,87.3060861
"1145",737.88,87.3519257
"1146",738.525,87.3626213
"1147",739.17,87.386837
"1148",739.815,87.4365145
"1149",740.46,87.4866405
"1150",741.105,87.5252074
"1151",741.75,87.5835405
"1152",742.395,87.7073057
"1153",743.04,87.8659449
"1154",743.685,87.9162508
"1155",744.33,87.8591604
"1156",744.975,87.7917712
"1157",745.62,87.7481822
"1158",746.265,87.7182334
"1159",746.91,87.690315
"1160",747.555,87.6813055
"1161",748.2,87.7509189
"1162",748.845,87.9144854
"1163",749.49,88.0322214
"1164",750.135,88.0639354
"1165",750.78,88.0833006
"1166",751.425,88.1372422
"1167",752.07,88.2442687
"1168",752.715,88.3976673
"1169",753.36,88.5569228
"1170",754.005,88.686896
"1171",754.65,88.7829798
"1172",755.295,88.848515
"1173",755.94,88.8828515
"1174",756.585,88.8872474
"1175",757.23,88.8760183
"1176",757.875,88.8746043
"1177",758.52,88.8980484
"1178",759.165,88.9565889
"1179",759.81,89.062809
"1180",760.455,89.203878
"1181",761.1,89.3182735
"1182",761.745,89.3620868
"1183",762.39,89.3585587
"1184",763.035,89.3448329
"1185",763.68,89.3414376
"1186",764.325,89.3561648
"1187",764.97,89.3927672
"1188",765.615,89.4541221
"1189",766.26,89.5283612
"1190",766.905,89.5959067
"1191",767.55,89.6705218
"1192",768.195,89.7793655
"1193",768.84,89.9227567
"1194",769.485,90.0799451
"1195",770.13,90.2329582
"1196",770.775,90.3701497
"1197",771.42,90.4796899
"1198",772.065,90.5510622
"1199",772.71,90.5827816
"1200",773.355,90.5835173
"1201",774,90.573818
"1202",774.645,90.5861806
"1203",775.29,90.6453626
"1204",775.935,90.7546834
"1205",776.58,90.8833614
"1206",777.225,90.9668028
"1207",777.87,90.9897882
"1208",778.515,90.9782916
"1209",779.16,90.9565343
"1210",779.805,90.9391403
"1211",780.45,90.9354044
"1212",781.095,90.9549871
"1213",781.74,91.0096607
"1214",782.385,91.0976774
"1215",783.03,91.1358883
"1216",783.675,90.9741263
"1217",784.32,90.7419612
"1218",784.965,90.6163087
"1219",785.61,90.567674
"1220",786.255,90.5386238
"1221",786.9,90.5055621
"1222",787.545,90.4628197
"1223",788.19,90.4283456
"1224",788.835,90.4604542
"1225",789.48,90.6318047
"1226",790.125,90.8526415
"1227",790.77,90.9303021
"1228",791.415,90.9006913
"1229",792.06,90.8580621
"1230",792.705,90.8527127
"1231",793.35,90.9277672
"1232",793.995,91.1576596
"1233",794.64,91.55191
"1234",795.285,91.7286277
"1235",795.93,91.672471625
"1236",796.575,91.2732868333333
"1237",797.22,91.4017981428571
"1238",797.865,91.2714811428571
"1239",798.51,91.052509625
"1240",799.155,90.9600977777778
"1241",799.8,90.6136768
"1242",800.445,90.5043049
"1243",801.09,90.4701399
"1244",801.735,90.3988445
"1245",802.38,90.2453908
"1246",803.025,89.9885088
"1247",803.67,89.6655884
"1248",804.315,89.3300843
"1249",804.96,89.0514244
"1250",805.605,88.8937938
"1251",806.25,88.8342014
"1252",806.895,88.851872
"1253",807.54,88.940546
"1254",808.185,89.0707072
"1255",808.83,89.1597736
"1256",809.475,89.1472709
"1257",810.12,89.0720914
"1258",810.765,89.0127129
"1259",811.41,89.0025998
"1260",812.055,89.0252247
"1261",812.7,89.0532323
"1262",813.345,89.0586217
"1263",813.99,89.0339392
"1264",814.635,89.004502
"1265",815.28,88.9849681
"1266",815.925,88.965232
"1267",816.57,88.9385862
"1268",817.215,88.9158888
"1269",817.86,88.9213134
"1270",818.505,88.9722154
"1271",819.15,89.0507922
"1272",819.795,89.0988635
"1273",820.44,89.0963621
"1274",821.085,89.0873609
"1275",821.73,89.1054973
"1276",822.375,89.1541821
"1277",823.02,89.226097
"1278",823.665,89.3108593
"1279",824.31,89.3872936
"1280",824.955,89.4426941
"1281",825.6,89.5119049
"1282",826.245,89.6309997
"1283",826.89,89.7784891
"1284",827.535,89.9137931
"1285",828.18,90.026754
"1286",828.825,90.1454588
"1287",829.47,90.3582467
"1288",830.115,90.7779934
"1289",830.76,91.2813107
"1290",831.405,91.6306275
"1291",832.05,91.8862445
"1292",832.695,92.2259153
"1293",833.34,92.8475318
"1294",833.985,93.7294415
"1295",834.63,94.4589171
"1296",835.275,94.7265267
"1297",835.92,94.8052485
"1298",836.565,94.8527028
"1299",837.21,94.9176288
"1300",837.855,95.0195638
"1301",838.5,95.1613885
"1302",839.145,95.3178955
"1303",839.79,95.437939
"1304",840.435,95.4983331
"1305",841.08,95.5151296
"1306",841.725,95.5103244
"1307",842.37,95.506112
"1308",843.015,95.5377615
"1309",843.66,95.6231071
"1310",844.305,95.6872038
"1311",844.95,95.6853021
"1312",845.595,95.6723729
"1313",846.24,95.6916235
"1314",846.885,95.7359585
"1315",847.53,95.7758511
"1316",848.175,95.7874897
"1317",848.82,95.7583959
"1318",849.465,95.7145829
"1319",850.11,95.7251679
"1320",850.755,95.8034966
"1321",851.4,95.8842581
"1322",852.045,95.9200393
"1323",852.69,95.9219179
"1324",853.335,95.9342022
"1325",853.98,95.9820897
"1326",854.625,96.0167183
"1327",855.27,95.9783546
"1328",855.915,95.8711365
"1329",856.56,95.7363177
"1330",857.205,95.5940217
"1331",857.85,95.4316012
"1332",858.495,95.2626245
"1333",859.14,95.1634312
"1334",859.785,95.1754404
"1335",860.43,95.2613323
"1336",861.075,95.375764
"1337",861.72,95.4900662
"1338",862.365,95.5834937
"1339",863.01,95.6403912
"1340",863.655,95.6520231
"1341",864.3,95.6228853
"1342",864.945,95.5946693
"1343",865.59,95.6232593
"1344",866.235,95.6940979
"1345",866.88,95.7415148
"1346",867.525,95.7484999
"1347",868.17,95.7450367
"1348",868.815,95.7493852
"1349",869.46,95.7594451
"1350",870.105,95.7580398
"1351",870.75,95.7327508
"1352",871.395,95.7158352
"1353",872.04,95.7206638
"1354",872.685,95.7103459
"1355",873.33,95.6476351
"1356",873.975,95.5151006
"1357",874.62,95.3388493
"1358",875.265,95.201015
"1359",875.91,95.2991494285714
"1360",876.555,95.334285
"1361",877.2,95.5302922
"1362",877.845,95.359756
"1363",878.49,94.759333
"1364",879.135,94.5597625
"1365",879.78,93.415209
"1366",880.425,93.4033813333333
"1367",881.07,93.3521913333333
"1368",881.715,93.3348732
"1369",882.36,93.4082012857143
"1370",883.005,93.5142487777778
"1371",883.65,93.5529055
"1372",884.295,93.5294901
"1373",884.94,93.4922698
"1374",885.585,93.426831
"1375",886.23,93.3590645
"1376",886.875,93.3647293
"1377",887.52,93.4570052
"1378",888.165,93.5825982
"1379",888.81,93.6812438
"1380",889.455,93.7410205
"1381",890.1,93.798287
"1382",890.745,93.881046
"1383",891.39,93.9875032
"1384",892.035,94.1093302
"1385",892.68,94.236218
"1386",893.325,94.3353038
"1387",893.97,94.385905
"1388",894.615,94.4217978
"1389",895.26,94.484751
"1390",895.905,94.5864463
"1391",896.55,94.7055516
"1392",897.195,94.8284051
"1393",897.84,94.9700208
"1394",898.485,95.1340932
"1395",899.13,95.2841404
"1396",899.775,95.3849381
"1397",900.42,95.4410794
"1398",901.065,95.4775802
"1399",901.71,95.5191404
"1400",902.355,95.5767392
"1401",903,95.642038
"1402",903.645,95.7025486
"1403",904.29,95.7538319
"1404",904.935,95.7967236
"1405",905.58,95.8353211
"1406",906.225,95.8739353
"1407",906.87,95.9103611
"1408",907.515,95.9407098
"1409",908.16,95.9701705
"1410",908.805,96.0052059
"1411",909.45,96.038781
"1412",910.095,96.0619191
"1413",910.74,96.0947351
"1414",911.385,96.177239
"1415",912.03,96.3134965
"1416",912.675,96.4644442
"1417",913.32,96.6111024
"1418",913.965,96.7605458
"1419",914.61,96.9085301
"1420",915.255,97.0467623
"1421",915.9,97.1713204
"1422",916.545,97.2721112
"1423",917.19,97.3286217
"1424",917.835,97.3471646
"1425",918.48,97.3646177
"1426",919.125,97.402787
"1427",919.77,97.4566914
"1428",920.415,97.5099079
"1429",921.06,97.5636364
"1430",921.705,97.6366259
"1431",922.35,97.7192593
"1432",922.995,97.7829414
"1433",923.64,97.8175457
"1434",924.285,97.8351982
"1435",924.93,97.8606301
"1436",925.575,97.9194218
"1437",926.22,98.0306554
"1438",926.865,98.1891633
"1439",927.51,98.3421571
"1440",928.155,98.5076184
"1441",928.8,98.832634
"1442",929.445,99.1461569
"1443",930.09,99.3002198
"1444",930.735,99.3560272
"1445",931.38,99.3664075
"1446",932.025,99.356997
"1447",932.67,99.3358624
"1448",933.315,99.3077794
"1449",933.96,99.2851918
"1450",934.605,99.2820109
"1451",935.25,99.2946227
"1452",935.895,99.3134694
"1453",936.54,99.3321164
"1454",937.185,99.3593309
"1455",937.83,99.4098436
"1456",938.475,99.4670549
"1457",939.12,99.4929566
"1458",939.765,99.4806524
"1459",940.41,99.4598221
"1460",941.055,99.4633565
"1461",941.7,99.4960926
"1462",942.345,99.534861
"1463",942.99,99.5591942
"1464",943.635,99.576127
"1465",944.28,99.5983487
"1466",944.925,99.6051942
"1467",945.57,99.5507957
"1468",946.215,99.4520322
"1469",946.86,99.3863686
"1470",947.505,99.383234
"1471",948.15,99.4167112
"1472",948.795,99.4543216
"1473",949.44,99.4781972
"1474",950.085,99.4817971
"1475",950.73,99.4603694
"1476",951.375,99.4230267
"1477",952.02,99.4027765
"1478",952.665,99.4111321
"1479",953.31,99.4238102
"1480",953.955,99.4241104
"1481",954.6,99.4195737
"1482",955.245,99.4348098
"1483",955.89,99.5085556
"1484",956.535,99.7382741
"1485",957.18,100.324776
"1486",957.825,100.7916779
"1487",958.47,100.8758004
"1488",959.115,100.8108576
"1489",959.76,100.6974255
"1490",960.405,100.5873231
"1491",961.05,100.5632726
"1492",961.695,100.7841
"1493",962.34,101.2376595
"1494",962.985,101.5254361
"1495",963.63,101.5669667
"1496",964.275,101.4802997
"1497",964.92,101.3649361
"1498",965.565,101.2993929
"1499",966.21,101.325322
"1500",966.855,101.4127833
"1501",967.5,101.5132741
"1502",968.145,101.6079577
"1503",968.79,101.6961643
"1504",969.435,101.7696226
"1505",970.08,101.8245217
"1506",970.725,101.8931954
"1507",971.37,102.0114509
"1508",972.015,102.1777497
"1509",972.66,102.34348
"1510",973.305,102.4893406
"1511",973.95,102.6626714
"1512",974.595,102.9294921
"1513",975.24,103.2396585
"1514",975.885,103.460337
"1515",976.53,103.60897
"1516",977.175,103.717389
"1517",977.82,103.7761231
"1518",978.465,103.7862469
"1519",979.11,103.7803086
"1520",979.755,103.826967
"1521",980.4,104.0459123
"1522",981.045,104.4088549
"1523",981.69,104.6273022
"1524",982.335,104.6978013
"1525",982.98,104.727123
"1526",983.625,104.7568021
"1527",984.27,104.7827061
"1528",984.915,104.7894036
"1529",985.56,104.7876756
"1530",986.205,104.8078156
"1531",986.85,104.8568082
"1532",987.495,104.915767
"1533",988.14,104.963443
"1534",988.785,104.9829709
"1535",989.43,104.9618867
"1536",990.075,104.9093411
"1537",990.72,104.8617944
"1538",991.365,104.8386754
"1539",992.01,104.8242984
"1540",992.655,104.8009895
"1541",993.3,104.767704
"1542",993.945,104.7330654
"1543",994.59,104.7061959
"1544",995.235,104.6874258
"1545",995.88,104.6684695
"1546",996.525,104.6346098
"1547",997.17,104.5710545
"1548",997.815,104.5016456
"1549",998.46,104.458692
"1550",999.105,104.4341091
"1551",999.75,104.4123017
"1552",1000.395,104.3898369
"1553",1001.04,104.3729462
"1554",1001.685,104.3709444
"1555",1002.33,104.3865914
"1556",1002.975,104.4065437
"1557",1003.62,104.4068363
"1558",1004.265,104.3753842
"1559",1004.91,104.3265106
"1560",1005.555,104.2828075
"1561",1006.2,104.257074
"1562",1006.845,104.2472899
"1563",1007.49,104.2434466
"1564",1008.135,104.2403032
"1565",1008.78,104.2415161
"1566",1009.425,104.2520653
"1567",1010.07,104.2676259
"1568",1010.715,104.2609661
"1569",1011.36,104.2017116
"1570",1012.005,104.1226056
"1571",1012.65,104.0623215
"1572",1013.295,104.0238113
"1573",1013.94,103.9992656
"1574",1014.585,103.9822682
"1575",1015.23,103.9703812
"1576",1015.875,103.9622551
"1577",1016.52,103.9519513
"1578",1017.165,103.9311235
"1579",1017.81,103.9001151
"1580",1018.455,103.8681588
"1581",1019.1,103.8347018
"1582",1019.745,103.7752939
"1583",1020.39,103.6702393
"1584",1021.035,103.5491486
"1585",1021.68,103.4487991
"1586",1022.325,103.3724605
"1587",1022.97,103.3265808
"1588",1023.615,103.3349455
"1589",1024.26,103.3953893
"1590",1024.905,103.469485
"1591",1025.55,103.5241487
"1592",1026.195,103.553531
"1593",1026.84,103.5656107
"1594",1027.485,103.5534996
"1595",1028.13,103.511887
"1596",1028.775,103.4589734
"1597",1029.42,103.4159645
"1598",1030.065,103.3976659
"1599",1030.71,103.4046639
"1600",1031.355,103.4150054
"1601",1032,103.4106161
"1602",1032.645,103.3951725
"1603",1033.29,103.3800992
"1604",1033.935,103.3757089
"1605",1034.58,103.3888009
"1606",1035.225,103.4190105
"1607",1035.87,103.4517125
"1608",1036.515,103.4551629
"1609",1037.16,103.4200734
"1610",1037.805,103.3937279
"1611",1038.45,103.3995276
"1612",1039.095,103.4093246
"1613",1039.74,103.3767605
"1614",1040.385,103.2675214
"1615",1041.03,103.1406024
"1616",1041.675,103.0734862
"1617",1042.32,103.0518914
"1618",1042.965,103.0455076
"1619",1043.61,103.0503996
"1620",1044.255,103.0784282
"1621",1044.9,103.1269389
"1622",1045.545,103.1615209
"1623",1046.19,103.1578185
"1624",1046.835,103.1330728
"1625",1047.48,103.1169609
"1626",1048.125,103.1184812
"1627",1048.77,103.1282266
"1628",1049.415,103.1262315
"1629",1050.06,103.0916901
"1630",1050.705,103.0256258
"1631",1051.35,102.9517329
"1632",1051.995,102.8879823
"1633",1052.64,102.8412895
"1634",1053.285,102.8130911
"1635",1053.93,102.7971008
"1636",1054.575,102.7856377
"1637",1055.22,102.7782395
"1638",1055.865,102.7799143
"1639",1056.51,102.7963071
"1640",1057.155,102.8325635
"1641",1057.8,102.8866418
"1642",1058.445,102.942033
"1643",1059.09,102.979041
"1644",1059.735,102.996403
"1645",1060.38,103.0077091
"1646",1061.025,103.0218094
"1647",1061.67,103.0379227
"1648",1062.315,103.0445813
"1649",1062.96,103.0323739
"1650",1063.605,103.0205551
"1651",1064.25,103.0443914
"1652",1064.895,103.1338529
"1653",1065.54,103.285204
"1654",1066.185,103.4097589
"1655",1066.83,103.4448106
"1656",1067.475,103.4257256
"1657",1068.12,103.3962472
"1658",1068.765,103.3817997
"1659",1069.41,103.3947843
"1660",1070.055,103.4458207
"1661",1070.7,103.5393093
"1662",1071.345,103.6352385
"1663",1071.99,103.6708203
"1664",1072.635,103.657351
"1665",1073.28,103.6350534
"1666",1073.925,103.6326694
"1667",1074.57,103.6598042
"1668",1075.215,103.7002002
"1669",1075.86,103.7282315
"1670",1076.505,103.7432058
"1671",1077.15,103.7854748
"1672",1077.795,103.9094823
"1673",1078.44,104.1054447
"1674",1079.085,104.2564153
"1675",1079.73,104.3186134
"1676",1080.375,104.3315213
"1677",1081.02,104.3225919
"1678",1081.665,104.296415
"1679",1082.31,104.242991
"1680",1082.955,104.1546272
"1681",1083.6,104.0638948
"1682",1084.245,104.006807
"1683",1084.89,103.9549354
"1684",1085.535,103.8651802
"1685",1086.18,103.7570637
"1686",1086.825,103.6849861
"1687",1087.47,103.6832543
"1688",1088.115,103.7707937
"1689",1088.76,103.9340815
"1690",1089.405,104.0856111
"1691",1090.05,104.1690903
"1692",1090.695,104.2125026
"1693",1091.34,104.2461321
"1694",1091.985,104.2805154
"1695",1092.63,104.320762
"1696",1093.275,104.3751081
"1697",1093.92,104.4490815
"1698",1094.565,104.5380075
"1699",1095.21,104.6252866
"1700",1095.855,104.6690254
"1701",1096.5,104.625536
"1702",1097.145,104.5316835
"1703",1097.79,104.4650815
"1704",1098.435,104.4523214
"1705",1099.08,104.4687576
"1706",1099.725,104.477414
"1707",1100.37,104.4656499
"1708",1101.015,104.4419468
"1709",1101.66,104.4114305
"1710",1102.305,104.3637905
"1711",1102.95,104.2890188
"1712",1103.595,104.2055081
"1713",1104.24,104.1451123
"1714",1104.885,104.1156017
"1715",1105.53,104.0977535
"1716",1106.175,104.0614048
"1717",1106.82,103.9890551
"1718",1107.465,103.9037
"1719",1108.11,103.8470162
"1720",1108.755,103.8314911
"1721",1109.4,103.8455488
"1722",1110.045,103.8725198
"1723",1110.69,103.8946255
"1724",1111.335,103.8882481
"1725",1111.98,103.8299435
"1726",1112.625,103.7441919
"1727",1113.27,103.687838
"1728",1113.915,103.6658722
"1729",1114.56,103.6571962
"1730",1115.205,103.6357594
"1731",1115.85,103.5711248
"1732",1116.495,103.4653501
"1733",1117.14,103.3776661
"1734",1117.785,103.3538716
"1735",1118.43,103.3768948
"1736",1119.075,103.4059916
"1737",1119.72,103.4120305
"1738",1120.365,103.4014939
"1739",1121.01,103.4038365
"1740",1121.655,103.4137249
"1741",1122.3,103.3978193
"1742",1122.945,103.3644772
"1743",1123.59,103.3632532
"1744",1124.235,103.4246958
"1745",1124.88,103.5331906
"1746",1125.525,103.6501004
"1747",1126.17,103.7445543
"1748",1126.815,103.7740108
"1749",1127.46,103.7672193
"1750",1128.105,103.7631758
"1751",1128.75,103.7679021
"1752",1129.395,103.7786858
"1753",1130.04,103.7984002
"1754",1130.685,103.8434144
"1755",1131.33,103.9390183
"1756",1131.975,104.067915
"1757",1132.62,104.1616982
"1758",1133.265,104.1888689
"1759",1133.91,104.1633934
"1760",1134.555,104.093508333333
"1761",1135.2,104.0557058
"1762",1135.845,104.06096025
"1763",1136.49,104.09087025
"1764",1137.135,104.02125325
"1765",1137.78,103.7018435
"1766",1138.425,103.5254562
"1767",1139.07,103.4059275
"1768",1139.715,103.3266505
"1769",1140.36,103.2849
"1770",1141.005,103.2679015
"1771",1141.65,103.2499337
"1772",1142.295,103.2151431
"1773",1142.94,103.1673878
"1774",1143.585,103.1176008
"1775",1144.23,103.0552334
"1776",1144.875,102.9446821
"1777",1145.52,102.8084042
"1778",1146.165,102.7124021
"1779",1146.81,102.6806055
"1780",1147.455,102.7140606
"1781",1148.1,102.8175572
"1782",1148.745,102.9965439
"1783",1149.39,103.2150271
"1784",1150.035,103.3121949
"1785",1150.68,103.1158256
"1786",1151.325,102.7791616
"1787",1151.97,102.5190846
"1788",1152.615,102.3390707
"1789",1153.26,102.1901491
"1790",1153.905,102.083861
"1791",1154.55,102.042331
"1792",1155.195,102.0456298
"1793",1155.84,102.0583442
"1794",1156.485,102.0647064
"1795",1157.13,102.0705756
"1796",1157.775,102.0851082
"1797",1158.42,102.1044774
"1798",1159.065,102.1111134
"1799",1159.71,102.0949671
"1800",1160.355,102.0694836
"1801",1161,102.0493286
"1802",1161.645,102.0248398
"1803",1162.29,101.9600289
"1804",1162.935,101.8519146
"1805",1163.58,101.7754513
"1806",1164.225,101.7647242
"1807",1164.87,101.7812957
"1808",1165.515,101.7618375
"1809",1166.16,101.6725918
"1810",1166.805,101.5537367
"1811",1167.45,101.4701127
"1812",1168.095,101.4264718
"1813",1168.74,101.3979549
"1814",1169.385,101.3718033
"1815",1170.03,101.3448429
"1816",1170.675,101.3188336
"1817",1171.32,101.2996475
"1818",1171.965,101.2956669
"1819",1172.61,101.3182729
"1820",1173.255,101.3789403
"1821",1173.9,101.4686311
"1822",1174.545,101.5468667
"1823",1175.19,101.5896955
"1824",1175.835,101.5920963
"1825",1176.48,101.5540562
"1826",1177.125,101.4707076
"1827",1177.77,101.3492501
"1828",1178.415,101.2481809
"1829",1179.06,101.2009379
"1830",1179.705,101.1899305
"1831",1180.35,101.1847866
"1832",1180.995,101.1616051
"1833",1181.64,101.0988285
"1834",1182.285,100.9735034
"1835",1182.93,100.807343
"1836",1183.575,100.6773472
"1837",1184.22,100.6071392
"1838",1184.865,100.5606988
"1839",1185.51,100.5057596
"1840",1186.155,100.4433263
"1841",1186.8,100.3950669
"1842",1187.445,100.3711771
"1843",1188.09,100.3668042
"1844",1188.735,100.3622471
"1845",1189.38,100.328381
"1846",1190.025,100.2583245
"1847",1190.67,100.1853806
"1848",1191.315,100.138587
"1849",1191.96,100.1074246
"1850",1192.605,100.0683255
"1851",1193.25,100.0279564
"1852",1193.895,100.0070443
"1853",1194.54,99.9951516
"1854",1195.185,99.9656361
"1855",1195.83,99.9162678
"1856",1196.475,99.8702042
"1857",1197.12,99.8418174
"1858",1197.765,99.8153027
"1859",1198.41,99.7342351
"1860",1199.055,99.5323853
"1861",1199.7,99.2919815
"1862",1200.345,99.1526005
"1863",1200.99,99.0774651
"1864",1201.635,98.9919075
"1865",1202.28,98.8551674
"1866",1202.925,98.6880813
"1867",1203.57,98.5823772
"1868",1204.215,98.5634696
"1869",1204.86,98.5932755
"1870",1205.505,98.6434891
"1871",1206.15,98.6896287
"1872",1206.795,98.7072464
"1873",1207.44,98.6944529
"1874",1208.085,98.6909925
"1875",1208.73,98.7319272
"1876",1209.375,98.8168091
"1877",1210.02,98.9232827
"1878",1210.665,99.012091
"1879",1211.31,99.0586098
"1880",1211.955,99.0709472
"1881",1212.6,99.0645554
"1882",1213.245,99.0510934
"1883",1213.89,99.0366833
"1884",1214.535,99.00336
"1885",1215.18,98.9115131
"1886",1215.825,98.7760643
"1887",1216.47,98.6746685
"1888",1217.115,98.6227428
"1889",1217.76,98.5790147
"1890",1218.405,98.5393125
"1891",1219.05,98.5234762
"1892",1219.695,98.5360054
"1893",1220.34,98.5668823
"1894",1220.985,98.5978432
"1895",1221.63,98.6056244
"1896",1222.275,98.5683357
"1897",1222.92,98.4903286
"1898",1223.565,98.4081157
"1899",1224.21,98.3603722
"1900",1224.855,98.377599
"1901",1225.5,98.4829428
"1902",1226.145,98.6591625
"1903",1226.79,98.7964687
"1904",1227.435,98.8121854
"1905",1228.08,98.7410165
"1906",1228.725,98.6506379
"1907",1229.37,98.6313637
"1908",1230.015,98.7038028
"1909",1230.66,98.7796372
"1910",1231.305,98.7958173
"1911",1231.95,98.7529138
"1912",1232.595,98.6834355
"1913",1233.24,98.6250528
"1914",1233.885,98.6074711
"1915",1234.53,98.6374528
"1916",1235.175,98.6834661
"1917",1235.82,98.6797331
"1918",1236.465,98.5855123
"1919",1237.11,98.4362881
"1920",1237.755,98.2838772
"1921",1238.4,98.1403653
"1922",1239.045,98.0058465
"1923",1239.69,97.8911548
"1924",1240.335,97.8024694
"1925",1240.98,97.7375756
"1926",1241.625,97.6921827
"1927",1242.27,97.6590543
"1928",1242.915,97.6341667
"1929",1243.56,97.6125251
"1930",1244.205,97.5775936
"1931",1244.85,97.5066467
"1932",1245.495,97.380536
"1933",1246.14,97.2190191
"1934",1246.785,97.0876015
"1935",1247.43,97.011266
"1936",1248.075,96.9804089
"1937",1248.72,96.9790013
"1938",1249.365,96.9762653
"1939",1250.01,96.9134705
"1940",1250.655,96.774002
"1941",1251.3,96.6663438
"1942",1251.945,96.6340831
"1943",1252.59,96.6303731
"1944",1253.235,96.6224649
"1945",1253.88,96.5984917
"1946",1254.525,96.5513428
"1947",1255.17,96.4844929
"1948",1255.815,96.4310532
"1949",1256.46,96.4256082
"1950",1257.105,96.4590585
"1951",1257.75,96.4869838
"1952",1258.395,96.4821926
"1953",1259.04,96.4473091
"1954",1259.685,96.3913634
"1955",1260.33,96.3239697
"1956",1260.975,96.263469
"1957",1261.62,96.2319561
"1958",1262.265,96.2403484
"1959",1262.91,96.2927581
"1960",1263.555,96.3733339
"1961",1264.2,96.4451787
"1962",1264.845,96.4937267
"1963",1265.49,96.523272
"1964",1266.135,96.5338207
"1965",1266.78,96.5348401
"1966",1267.425,96.5531052
"1967",1268.07,96.6065032
"1968",1268.715,96.6781484
"1969",1269.36,96.7266392
"1970",1270.005,96.7229081
"1971",1270.65,96.6751512
"1972",1271.295,96.6116034
"1973",1271.94,96.5536501
"1974",1272.585,96.5194833
"1975",1273.23,96.5172853
"1976",1273.875,96.5286996
"1977",1274.52,96.5341413
"1978",1275.165,96.5375227
"1979",1275.81,96.5520822
"1980",1276.455,96.5787782
"1981",1277.1,96.590809
"1982",1277.745,96.5222912
"1983",1278.39,96.3640805
"1984",1279.035,96.2508999
"1985",1279.68,96.2185244
"1986",1280.325,96.2015646
"1987",1280.97,96.1729287
"1988",1281.615,96.1562401
"1989",1282.26,96.1809983
"1990",1282.905,96.243354
"1991",1283.55,96.2978276
"1992",1284.195,96.3214765
"1993",1284.84,96.3354196
"1994",1285.485,96.358702
"1995",1286.13,96.3829844
"1996",1286.775,96.3672771
"1997",1287.42,96.306461
"1998",1288.065,96.2719478
"1999",1288.71,96.2833901
"2000",1289.355,96.3067643
"2001",1290,96.3039097
"2002",1290.645,96.2589837
"2003",1291.29,96.198008
"2004",1291.935,96.1548116
"2005",1292.58,96.1059535
"2006",1293.225,96.0065094
"2007",1293.87,95.8899503
"2008",1294.515,95.8087499
"2009",1295.16,95.7528366
"2010",1295.805,95.696819
"2011",1296.45,95.6307584
"2012",1297.095,95.5703738
"2013",1297.74,95.5274666
"2014",1298.385,95.4823178
"2015",1299.03,95.4082492
"2016",1299.675,95.305799
"2017",1300.32,95.2049845
"2018",1300.965,95.1536846
"2019",1301.61,95.2020592
"2020",1302.255,95.319946
"2021",1302.9,95.4080968
"2022",1303.545,95.4446358
"2023",1304.19,95.4597008
"2024",1304.835,95.4769173
"2025",1305.48,95.4944996
"2026",1306.125,95.4819679
"2027",1306.77,95.4033662
"2028",1307.415,95.2641281
"2029",1308.06,95.1189491
"2030",1308.705,95.0076645
"2031",1309.35,94.957908
"2032",1309.995,95.0104325
"2033",1310.64,95.134038
"2034",1311.285,95.2202294
"2035",1311.93,95.2361734
"2036",1312.575,95.2178053
"2037",1313.22,95.1971048
"2038",1313.865,95.1841858
"2039",1314.51,95.1744558
"2040",1315.155,95.1609013
"2041",1315.8,95.1450314
"2042",1316.445,95.1239396
"2043",1317.09,95.086211
"2044",1317.735,95.0329574
"2045",1318.38,94.9730145
"2046",1319.025,94.9091378
"2047",1319.67,94.8372984
"2048",1320.315,94.7631432
"2049",1320.96,94.6962134
"2050",1321.605,94.6349409
"2051",1322.25,94.573313
"2052",1322.895,94.5059899
"2053",1323.54,94.4419685
"2054",1324.185,94.4022261
"2055",1324.83,94.3966385
"2056",1325.475,94.4153163
"2057",1326.12,94.4287018
"2058",1326.765,94.3932994
"2059",1327.41,94.2975761
"2060",1328.055,94.1874169
"2061",1328.7,94.0928409
"2062",1329.345,94.0188103
"2063",1329.99,93.9871246
"2064",1330.635,94.008194
"2065",1331.28,94.0584902
"2066",1331.925,94.1063555
"2067",1332.57,94.1360248
"2068",1333.215,94.14499
"2069",1333.86,94.1355363
"2070",1334.505,94.1145416
"2071",1335.15,94.092507
"2072",1335.795,94.0708414
"2073",1336.44,94.0297371
"2074",1337.085,93.9448008
"2075",1337.73,93.8433203
"2076",1338.375,93.7623743
"2077",1339.02,93.6990561
"2078",1339.665,93.6511311
"2079",1340.31,93.6124736
"2080",1340.955,93.5637733
"2081",1341.6,93.4848807
"2082",1342.245,93.3853372
"2083",1342.89,93.3089369
"2084",1343.535,93.2744483
"2085",1344.18,93.2505543
"2086",1344.825,93.2089603
"2087",1345.47,93.1682915
"2088",1346.115,93.1632589
"2089",1346.76,93.2017109
"2090",1347.405,93.256144
"2091",1348.05,93.2821768
"2092",1348.695,93.2525988
"2093",1349.34,93.1755814
"2094",1349.985,93.0760671
"2095",1350.63,92.9831057
"2096",1351.275,92.9373067
"2097",1351.92,92.9632122
"2098",1352.565,93.0157159
"2099",1353.21,93.0099726
"2100",1353.855,92.9206629
"2101",1354.5,92.8496046
"2102",1355.145,92.8679202
"2103",1355.79,92.9348565
"2104",1356.435,92.9883309
"2105",1357.08,92.977468
"2106",1357.725,92.8859775
"2107",1358.37,92.7634368
"2108",1359.015,92.666259
"2109",1359.66,92.5915991
"2110",1360.305,92.5161668
"2111",1360.95,92.4319949
"2112",1361.595,92.3396817
"2113",1362.24,92.2498381
"2114",1362.885,92.1892811
"2115",1363.53,92.1652059
"2116",1364.175,92.1352657
"2117",1364.82,92.0267083
"2118",1365.465,91.8254316
"2119",1366.11,91.6260146
"2120",1366.755,91.4906166
"2121",1367.4,91.4204238
"2122",1368.045,91.3986923
"2123",1368.69,91.3957567
"2124",1369.335,91.4014425
"2125",1369.98,91.4254355
"2126",1370.625,91.4573095
"2127",1371.27,91.4748769
"2128",1371.915,91.4678701
"2129",1372.56,91.4420181
"2130",1373.205,91.4195834
"2131",1373.85,91.4325919
"2132",1374.495,91.4941126
"2133",1375.14,91.5670163
"2134",1375.785,91.5692255
"2135",1376.43,91.4524641
"2136",1377.075,91.3039142
"2137",1377.72,91.2349296
"2138",1378.365,91.2192917
"2139",1379.01,91.1916612
"2140",1379.655,91.13468
"2141",1380.3,91.0640951
"2142",1380.945,90.9970803
"2143",1381.59,90.9356791
"2144",1382.235,90.8719453
"2145",1382.88,90.8086309
"2146",1383.525,90.7579371
"2147",1384.17,90.7193645
"2148",1384.815,90.6834795
"2149",1385.46,90.6426136
"2150",1386.105,90.5990285
"2151",1386.75,90.56677
"2152",1387.395,90.5526832
"2153",1388.04,90.5406167
"2154",1388.685,90.5150354
"2155",1389.33,90.477685
"2156",1389.975,90.4282759
"2157",1390.62,90.3610726
"2158",1391.265,90.2820959
"2159",1391.91,90.2124061
"2160",1392.555,90.1665938
"2161",1393.2,90.1426625
"2162",1393.845,90.1319257
"2163",1394.49,90.1240798
"2164",1395.135,90.1042559
"2165",1395.78,90.0624121
"2166",1396.425,90.014649
"2167",1397.07,89.9903281
"2168",1397.715,89.9888772
"2169",1398.36,89.9534072
"2170",1399.005,89.8001339
"2171",1399.65,89.5976698
"2172",1400.295,89.4910759
"2173",1400.94,89.4230122
"2174",1401.585,89.2883986
"2175",1402.23,89.1499046
"2176",1402.875,89.1550635
"2177",1403.52,89.2628319
"2178",1404.165,89.3649971
"2179",1404.81,89.4117195
"2180",1405.455,89.4087849
"2181",1406.1,89.3817935
"2182",1406.745,89.3514094
"2183",1407.39,89.3221132
"2184",1408.035,89.2848924
"2185",1408.68,89.2386428
"2186",1409.325,89.2041451
"2187",1409.97,89.204128
"2188",1410.615,89.2396566
"2189",1411.26,89.289595
"2190",1411.905,89.3386449
"2191",1412.55,89.3772461
"2192",1413.195,89.3794271
"2193",1413.84,89.3235884
"2194",1414.485,89.2450446
"2195",1415.13,89.2185826
"2196",1415.775,89.2555784
"2197",1416.42,89.3126845
"2198",1417.065,89.3529449
"2199",1417.71,89.3507255
"2200",1418.355,89.3015491
"2201",1419,89.2266409
"2202",1419.645,89.1548215
"2203",1420.29,89.1070521
"2204",1420.935,89.0831534
"2205",1421.58,89.0806199
"2206",1422.225,89.1008464
"2207",1422.87,89.1464788
"2208",1423.515,89.2102104
"2209",1424.16,89.2623545
"2210",1424.805,89.2713337
"2211",1425.45,89.2284036
"2212",1426.095,89.1449677
"2213",1426.74,89.0526496
"2214",1427.385,88.9921111
"2215",1428.03,88.9846471
"2216",1428.675,89.0182183
"2217",1429.32,89.0575985
"2218",1429.965,89.0766219
"2219",1430.61,89.0707936
"2220",1431.255,89.0518996
"2221",1431.9,89.0457028
"2222",1432.545,89.086078
"2223",1433.19,89.1889803
"2224",1433.835,89.3262111
"2225",1434.48,89.4485454
"2226",1435.125,89.5397802
"2227",1435.77,89.6170013
"2228",1436.415,89.6923903
"2229",1437.06,89.7318456
"2230",1437.705,89.6851525
"2231",1438.35,89.572838
"2232",1438.995,89.4412983
"2233",1439.64,89.3190174
"2234",1440.285,89.2051448
"2235",1440.93,89.0853786
"2236",1441.575,88.9706774
"2237",1442.22,88.8933689
"2238",1442.865,88.8710447
"2239",1443.51,88.9085207
"2240",1444.155,89.0066125
"2241",1444.8,89.1405254
"2242",1445.445,89.1857882
"2243",1446.09,88.9059978
"2244",1446.735,88.3908985
"2245",1447.38,87.7534937
"2246",1448.025,87.3603743
"2247",1448.67,87.0957263
"2248",1449.315,86.7915274
"2249",1449.96,86.5708758
"2250",1450.605,86.4928969
"2251",1451.25,86.488029
"2252",1451.895,86.5074326
"2253",1452.54,86.5212119
"2254",1453.185,86.4793715
"2255",1453.83,86.3079698
"2256",1454.475,86.0663209
"2257",1455.12,85.9182165
"2258",1455.765,85.8574491
"2259",1456.41,85.8080751
"2260",1457.055,85.7201089
"2261",1457.7,85.5896281
"2262",1458.345,85.443745
"2263",1458.99,85.3045311
"2264",1459.635,85.1902668
"2265",1460.28,85.1234981
"2266",1460.925,85.1162342
"2267",1461.57,85.1573752
"2268",1462.215,85.2198035
"2269",1462.86,85.2805253
"2270",1463.505,85.3244225
"2271",1464.15,85.3410927
"2272",1464.795,85.3398906
"2273",1465.44,85.3394219
"2274",1466.085,85.3448473
"2275",1466.73,85.3565553
"2276",1467.375,85.3697742
"2277",1468.02,85.3583457
"2278",1468.665,85.309954
"2279",1469.31,85.2615573
"2280",1469.955,85.2256486
"2281",1470.6,85.1744107
"2282",1471.245,85.0713069
"2283",1471.89,84.9176664
"2284",1472.535,84.7712434
"2285",1473.18,84.6797691
"2286",1473.825,84.6452693
"2287",1474.47,84.6371023
"2288",1475.115,84.6202113
"2289",1475.76,84.6120371
"2290",1476.405,84.6416954
"2291",1477.05,84.6907691
"2292",1477.695,84.7036834
"2293",1478.34,84.6189822
"2294",1478.985,84.4550176
"2295",1479.63,84.3445077
"2296",1480.275,84.3618801
"2297",1480.92,84.4532713
"2298",1481.565,84.5265873
"2299",1482.21,84.5559288
"2300",1482.855,84.5717172
"2301",1483.5,84.6082524
"2302",1484.145,84.6757437
"2303",1484.79,84.7528013
"2304",1485.435,84.8185742
"2305",1486.08,84.8854339
"2306",1486.725,84.9757234
"2307",1487.37,85.0802522
"2308",1488.015,85.1492767
"2309",1488.66,85.1598751
"2310",1489.305,85.1468967
"2311",1489.95,85.1521562
"2312",1490.595,85.1879754
"2313",1491.24,85.2301417
"2314",1491.885,85.2506978
"2315",1492.53,85.2436089
"2316",1493.175,85.2125128
"2317",1493.82,85.1727271
"2318",1494.465,85.1439066
"2319",1495.11,85.138901
"2320",1495.755,85.1608372
"2321",1496.4,85.1860657
"2322",1497.045,85.1526242
"2323",1497.69,85.0010218
"2324",1498.335,84.7809024
"2325",1498.98,84.6407501
"2326",1499.625,84.5794679
"2327",1500.27,84.5248822
"2328",1500.915,84.4305361
"2329",1501.56,84.3064909
"2330",1502.205,84.190551
"2331",1502.85,84.0806859
"2332",1503.495,83.9276393
"2333",1504.14,83.7128531
"2334",1504.785,83.5204524
"2335",1505.43,83.4241195
"2336",1506.075,83.3755863
"2337",1506.72,83.316112
"2338",1507.365,83.2079053
"2339",1508.01,83.0683935
"2340",1508.655,82.9851841
"2341",1509.3,82.9630265
"2342",1509.945,82.9665227
"2343",1510.59,82.9629327
"2344",1511.235,82.9072291
"2345",1511.88,82.724338
"2346",1512.525,82.4097917
"2347",1513.17,82.1097369
"2348",1513.815,81.9699309
"2349",1514.46,81.9399944
"2350",1515.105,81.9270246
"2351",1515.75,81.8844871
"2352",1516.395,81.774963
"2353",1517.04,81.5612947
"2354",1517.685,81.2759578
"2355",1518.33,81.0353499
"2356",1518.975,80.9267894
"2357",1519.62,80.9134683
"2358",1520.265,80.9217323
"2359",1520.91,80.9097151
"2360",1521.555,80.8618677
"2361",1522.2,80.7751086
"2362",1522.845,80.6542481
"2363",1523.49,80.5238599
"2364",1524.135,80.4161799
"2365",1524.78,80.3376142
"2366",1525.425,80.2783242
"2367",1526.07,80.2297055
"2368",1526.715,80.1834597
"2369",1527.36,80.1276138
"2370",1528.005,80.0528473
"2371",1528.65,79.9637928
"2372",1529.295,79.8814664
"2373",1529.94,79.8229126
"2374",1530.585,79.7727146
"2375",1531.23,79.6921784
"2376",1531.875,79.5725074
"2377",1532.52,79.452966
"2378",1533.165,79.3671918
"2379",1533.81,79.3094739
"2380",1534.455,79.2653878
"2381",1535.1,79.2341784
"2382",1535.745,79.2173448
"2383",1536.39,79.2037552
"2384",1537.035,79.1736573
"2385",1537.68,79.1168038
"2386",1538.325,79.0440908
"2387",1538.97,78.9793253
"2388",1539.615,78.9341531
"2389",1540.26,78.8979001
"2390",1540.905,78.8588241
"2391",1541.55,78.8174013
"2392",1542.195,78.7795143
"2393",1542.84,78.7441079
"2394",1543.485,78.7032364
"2395",1544.13,78.6508775
"2396",1544.775,78.5815823
"2397",1545.42,78.4962197
"2398",1546.065,78.3900119
"2399",1546.71,78.2406387
"2400",1547.355,78.046733
"2401",1548,77.8813564
"2402",1548.645,77.8020181
"2403",1549.29,77.7910908
"2404",1549.935,77.8004754
"2405",1550.58,77.7996162
"2406",1551.225,77.7858784
"2407",1551.87,77.7710659
"2408",1552.515,77.7593048
"2409",1553.16,77.7389861
"2410",1553.805,77.6910745
"2411",1554.45,77.6109053
"2412",1555.095,77.524683
"2413",1555.74,77.4676773
"2414",1556.385,77.4485458
"2415",1557.03,77.4493104
"2416",1557.675,77.4418751
"2417",1558.32,77.4049571
"2418",1558.965,77.3345666
"2419",1559.61,77.2454427
"2420",1560.255,77.1634191
"2421",1560.9,77.1048743
"2422",1561.545,77.0579212
"2423",1562.19,77.0059218
"2424",1562.835,76.9510717
"2425",1563.48,76.898591
"2426",1564.125,76.8484259
"2427",1564.77,76.8031665
"2428",1565.415,76.774616
"2429",1566.06,76.7716888
"2430",1566.705,76.79379
"2431",1567.35,76.81422
"2432",1567.995,76.8047449
"2433",1568.64,76.7794739
"2434",1569.285,76.776017
"2435",1569.93,76.8100623
"2436",1570.575,76.8579865
"2437",1571.22,76.8882887
"2438",1571.865,76.8849906
"2439",1572.51,76.8399564
"2440",1573.155,76.7258305
"2441",1573.8,76.5081417
"2442",1574.445,76.2777595
"2443",1575.09,76.1519282
"2444",1575.735,76.1324254
"2445",1576.38,76.1608458
"2446",1577.025,76.1778037
"2447",1577.67,76.1562693
"2448",1578.315,76.1067194
"2449",1578.96,76.0328176
"2450",1579.605,75.8874365
"2451",1580.25,75.6750122
"2452",1580.895,75.5196544
"2453",1581.54,75.4608091
"2454",1582.185,75.4656028
"2455",1582.83,75.4915871
"2456",1583.475,75.5107811
"2457",1584.12,75.5070953
"2458",1584.765,75.4647462
"2459",1585.41,75.3663866
"2460",1586.055,75.2210763
"2461",1586.7,75.0678202
"2462",1587.345,74.920807
"2463",1587.99,74.7585586
"2464",1588.635,74.5596623
"2465",1589.28,74.3565953
"2466",1589.925,74.2108941
"2467",1590.57,74.1268418
"2468",1591.215,74.060644
"2469",1591.86,73.9937468
"2470",1592.505,73.9540559
"2471",1593.15,73.962692
"2472",1593.795,74.0092952
"2473",1594.44,74.0686615
"2474",1595.085,74.1110773
"2475",1595.73,74.0982292
"2476",1596.375,73.9861493
"2477",1597.02,73.7715561
"2478",1597.665,73.527772
"2479",1598.31,73.3006214
"2480",1598.955,73.0485762
"2481",1599.6,72.7241759
"2482",1600.245,72.330653
"2483",1600.89,71.9668496
"2484",1601.535,71.7379301
"2485",1602.18,71.6395657
"2486",1602.825,71.6189639
"2487",1603.47,71.616095
"2488",1604.115,71.5601553
"2489",1604.76,71.4114236
"2490",1605.405,71.2315011
"2491",1606.05,71.1121738
"2492",1606.695,71.0679997
"2493",1607.34,71.0766183
"2494",1607.985,71.1149891
"2495",1608.63,71.1445701
"2496",1609.275,71.0644357
"2497",1609.92,70.7889896
"2498",1610.565,70.5290508
"2499",1611.21,70.3916944
"2500",1611.855,70.2651899
"2501",1612.5,70.0137333
"2502",1613.145,69.6705106
"2503",1613.79,69.449623
"2504",1614.435,69.3601213
"2505",1615.08,69.3303546
"2506",1615.725,69.3257672
"2507",1616.37,69.3254697
"2508",1617.015,69.3019594
"2509",1617.66,69.2365257
"2510",1618.305,69.1621478
"2511",1618.95,69.1231627
"2512",1619.595,69.1057692
"2513",1620.24,69.0641732
"2514",1620.885,68.969194
"2515",1621.53,68.8332486
"2516",1622.175,68.6892497
"2517",1622.82,68.5523272
"2518",1623.465,68.4244044
"2519",1624.11,68.301235
"2520",1624.755,68.1811756
"2521",1625.4,68.0809481
"2522",1626.045,68.0195765
"2523",1626.69,67.9831772
"2524",1627.335,67.9294465
"2525",1627.98,67.813597
"2526",1628.625,67.6258862
"2527",1629.27,67.4372963
"2528",1629.915,67.3235279
"2529",1630.56,67.2815666
"2530",1631.205,67.2722252
"2531",1631.85,67.2547291
"2532",1632.495,67.2190706
"2533",1633.14,67.1887636
"2534",1633.785,67.1677671
"2535",1634.43,67.1287724
"2536",1635.075,67.0549602
"2537",1635.72,66.9591398
"2538",1636.365,66.8504216
"2539",1637.01,66.7243342
"2540",1637.655,66.5747357
"2541",1638.3,66.3955426
"2542",1638.945,66.1790137
"2543",1639.59,65.9188927
"2544",1640.235,65.6606987
"2545",1640.88,65.4898553
"2546",1641.525,65.4116671
"2547",1642.17,65.3878225
"2548",1642.815,65.389035
"2549",1643.46,65.3954334
"2550",1644.105,65.3927991
"2551",1644.75,65.3683938
"2552",1645.395,65.3094344
"2553",1646.04,65.2171312
"2554",1646.685,65.1226454
"2555",1647.33,65.0601132
"2556",1647.975,65.0267246
"2557",1648.62,64.985323
"2558",1649.265,64.8893737
"2559",1649.91,64.718653
"2560",1650.555,64.5120006
"2561",1651.2,64.3299119
"2562",1651.845,64.2047604
"2563",1652.49,64.1357482
"2564",1653.135,64.0976524
"2565",1653.78,64.0660621
"2566",1654.425,64.0309426
"2567",1655.07,63.9902034
"2568",1655.715,63.9476014
"2569",1656.36,63.9117082
"2570",1657.005,63.8778218
"2571",1657.65,63.8105549
"2572",1658.295,63.661549
"2573",1658.94,63.4433342
"2574",1659.585,63.2806792
"2575",1660.23,63.2169962
"2576",1660.875,63.161484
"2577",1661.52,63.0484055
"2578",1662.165,62.9248604
"2579",1662.81,62.8454932
"2580",1663.455,62.8107691
"2581",1664.1,62.7994537
"2582",1664.745,62.7856964
"2583",1665.39,62.7494244
"2584",1666.035,62.6846149
"2585",1666.68,62.5837245
"2586",1667.325,62.4203489
"2587",1667.97,62.221699
"2588",1668.615,62.0837645
"2589",1669.26,62.0241819
"2590",1669.905,62.0001483
"2591",1670.55,61.9777061
"2592",1671.195,61.9424552
"2593",1671.84,61.8934038
"2594",1672.485,61.8373242
"2595",1673.13,61.7846671
"2596",1673.775,61.7415774
"2597",1674.42,61.7056914
"2598",1675.065,61.6634627
"2599",1675.71,61.5789859
"2600",1676.355,61.4104959
"2601",1677,61.2015722
"2602",1677.645,61.0301275
"2603",1678.29,60.9057762
"2604",1678.935,60.8155477
"2605",1679.58,60.7414944
"2606",1680.225,60.6638604
"2607",1680.87,60.5707493
"2608",1681.515,60.4691157
"2609",1682.16,60.3713877
"2610",1682.805,60.2727513
"2611",1683.45,60.1628168
"2612",1684.095,60.0482003
"2613",1684.74,59.940356
"2614",1685.385,59.8216959
"2615",1686.03,59.658352
"2616",1686.675,59.4779028
"2617",1687.32,59.3408581
"2618",1687.965,59.2704395
"2619",1688.61,59.2627018
"2620",1689.255,59.2835978
"2621",1689.9,59.3097684
"2622",1690.545,59.3326447
"2623",1691.19,59.3358077
"2624",1691.835,59.2850724
"2625",1692.48,59.1365864
"2626",1693.125,58.8686155
"2627",1693.77,58.594924
"2628",1694.415,58.4574907
"2629",1695.06,58.4244866
"2630",1695.705,58.4234767
"2631",1696.35,58.4105256
"2632",1696.995,58.3545759
"2633",1697.64,58.2087664
"2634",1698.285,57.9586101
"2635",1698.93,57.7158393
"2636",1699.575,57.5683844
"2637",1700.22,57.4823201
"2638",1700.865,57.409297
"2639",1701.51,57.3435692
"2640",1702.155,57.3025011
"2641",1702.8,57.288662
"2642",1703.445,57.2764812
"2643",1704.09,57.2249072
"2644",1704.735,57.1123666
"2645",1705.38,56.9703978
"2646",1706.025,56.8497971
"2647",1706.67,56.7633721
"2648",1707.315,56.6862466
"2649",1707.96,56.582892
"2650",1708.605,56.4459514
"2651",1709.25,56.3245125
"2652",1709.895,56.2659355
"2653",1710.54,56.262041
"2654",1711.185,56.2736971
"2655",1711.83,56.2699313
"2656",1712.475,56.2402198
"2657",1713.12,56.1821792
"2658",1713.765,56.0927432
"2659",1714.41,55.9847595
"2660",1715.055,55.8907564
"2661",1715.7,55.8255184
"2662",1716.345,55.7703838
"2663",1716.99,55.698322
"2664",1717.635,55.6081873
"2665",1718.28,55.527755
"2666",1718.925,55.4813812
"2667",1719.57,55.4658645
"2668",1720.215,55.4540078
"2669",1720.86,55.4092179
"2670",1721.505,55.3078851
"2671",1722.15,55.1797922
"2672",1722.795,55.0825737
"2673",1723.44,55.0206115
"2674",1724.085,54.9688762
"2675",1724.73,54.9174295
"2676",1725.375,54.8675213
"2677",1726.02,54.8174969
"2678",1726.665,54.7664591
"2679",1727.31,54.7161032
"2680",1727.955,54.6586496
"2681",1728.6,54.576258
"2682",1729.245,54.4666931
"2683",1729.89,54.3554856
"2684",1730.535,54.2638582
"2685",1731.18,54.1901716
"2686",1731.825,54.1284269
"2687",1732.47,54.0775733
"2688",1733.115,54.0336867
"2689",1733.76,53.9903329
"2690",1734.405,53.949023
"2691",1735.05,53.9241553
"2692",1735.695,53.9305212
"2693",1736.34,53.9625277
"2694",1736.985,53.9863461
"2695",1737.63,53.9514685
"2696",1738.275,53.8242245
"2697",1738.92,53.6210498
"2698",1739.565,53.3864122
"2699",1740.21,53.1505851
"2700",1740.855,52.9368133
"2701",1741.5,52.7800525
"2702",1742.145,52.7042447
"2703",1742.79,52.7018983
"2704",1743.435,52.7451223
"2705",1744.08,52.7927805
"2706",1744.725,52.7842366
"2707",1745.37,52.6414122
"2708",1746.015,52.3583774
"2709",1746.66,52.0818882
"2710",1747.305,51.9204873
"2711",1747.95,51.8483996
"2712",1748.595,51.8146107
"2713",1749.24,51.784577
"2714",1749.885,51.7418413
"2715",1750.53,51.6854814
"2716",1751.175,51.6321314
"2717",1751.82,51.6061678
"2718",1752.465,51.6068783
"2719",1753.11,51.5940749
"2720",1753.755,51.5034494
"2721",1754.4,51.2927786
"2722",1755.045,51.0132743
"2723",1755.69,50.7629527
"2724",1756.335,50.5614902
"2725",1756.98,50.3676625
"2726",1757.625,50.1618232
"2727",1758.27,49.9584825
"2728",1758.915,49.7860176
"2729",1759.56,49.6790241
"2730",1760.205,49.6414941
"2731",1760.85,49.6417954
"2732",1761.495,49.6499676
"2733",1762.14,49.6541171
"2734",1762.785,49.6515357
"2735",1763.43,49.6435422
"2736",1764.075,49.6411109
"2737",1764.72,49.6613919
"2738",1765.365,49.6975445
"2739",1766.01,49.6742899
"2740",1766.655,49.4475118
"2741",1767.3,48.9668335
"2742",1767.945,48.5373836
"2743",1768.59,48.350474
"2744",1769.235,48.2591742
"2745",1769.88,48.140021
"2746",1770.525,47.9584853
"2747",1771.17,47.784492
"2748",1771.815,47.6774077
"2749",1772.46,47.6260036
"2750",1773.105,47.58918
"2751",1773.75,47.5394174
"2752",1774.395,47.4912395
"2753",1775.04,47.467572
"2754",1775.685,47.4739447
"2755",1776.33,47.5062458
"2756",1776.975,47.5505552
"2757",1777.62,47.5825327
"2758",1778.265,47.5628352
"2759",1778.91,47.4586461
"2760",1779.555,47.2767423
"2761",1780.2,47.0492427
"2762",1780.845,46.8278265
"2763",1781.49,46.6512809
"2764",1782.135,46.5562141
"2765",1782.78,46.5355621
"2766",1783.425,46.5415518
"2767",1784.07,46.5361434
"2768",1784.715,46.5109047
"2769",1785.36,46.4541797
"2770",1786.005,46.3134206
"2771",1786.65,46.0849374
"2772",1787.295,45.8813721
"2773",1787.94,45.7320696
"2774",1788.585,45.6185311
"2775",1789.23,45.5062497
"2776",1789.875,45.3795838
"2777",1790.52,45.2629191
"2778",1791.165,45.1427079
"2779",1791.81,44.9734917
"2780",1792.455,44.7917155
"2781",1793.1,44.6785339
"2782",1793.745,44.6338207
"2783",1794.39,44.6203003
"2784",1795.035,44.6109195
"2785",1795.68,44.5799983
"2786",1796.325,44.4780752
"2787",1796.97,44.2301746
"2788",1797.615,43.8972639
"2789",1798.26,43.6614283
"2790",1798.905,43.58504
"2791",1799.55,43.6157481
"2792",1800.195,43.6969492
"2793",1800.84,43.7861371
"2794",1801.485,43.8069766
"2795",1802.13,43.5637871
"2796",1802.775,43.0054392
"2797",1803.42,42.5715999
"2798",1804.065,42.328177
"2799",1804.71,42.2093837
"2800",1805.355,42.1633541
"2801",1806,42.14031
"2802",1806.645,42.1152474
"2803",1807.29,42.0920089
"2804",1807.935,42.069633
"2805",1808.58,42.0098556
"2806",1809.225,41.8761248
"2807",1809.87,41.7100607
"2808",1810.515,41.5855735
"2809",1811.16,41.5196103
"2810",1811.805,41.4975427
"2811",1812.45,41.5041835
"2812",1813.095,41.5230761
"2813",1813.74,41.5376387
"2814",1814.385,41.5374086
"2815",1815.03,41.5203776
"2816",1815.675,41.4872801
"2817",1816.32,41.4219447
"2818",1816.965,41.2781959
"2819",1817.61,40.9849153
"2820",1818.255,40.5509778
"2821",1818.9,40.2238969
"2822",1819.545,40.0954446
"2823",1820.19,40.0876406
"2824",1820.835,40.1187688
"2825",1821.48,40.1074897
"2826",1822.125,40.0014565
"2827",1822.77,39.8280593
"2828",1823.415,39.6907724
"2829",1824.06,39.625705
"2830",1824.705,39.5988378
"2831",1825.35,39.5861528
"2832",1825.995,39.5686505
"2833",1826.64,39.5136683
"2834",1827.285,39.3756561
"2835",1827.93,39.1558603
"2836",1828.575,38.9585017
"2837",1829.22,38.8346513
"2838",1829.865,38.7321397
"2839",1830.51,38.6102006
"2840",1831.155,38.4770409
"2841",1831.8,38.3744165
"2842",1832.445,38.3287625
"2843",1833.09,38.318009
"2844",1833.735,38.2961046
"2845",1834.38,38.2327058
"2846",1835.025,38.1431807
"2847",1835.67,38.0447311
"2848",1836.315,37.919006
"2849",1836.96,37.72857
"2850",1837.605,37.4642498
"2851",1838.25,37.2080577
"2852",1838.895,37.0505296
"2853",1839.54,36.9923905
"2854",1840.185,36.9793362
"2855",1840.83,36.9552987
"2856",1841.475,36.8772728
"2857",1842.12,36.7427973
"2858",1842.765,36.6125772
"2859",1843.41,36.5377071
"2860",1844.055,36.5046289
"2861",1844.7,36.4792617
"2862",1845.345,36.440293
"2863",1845.99,36.3683128
"2864",1846.635,36.2443795
"2865",1847.28,36.0960481
"2866",1847.925,35.9640364
"2867",1848.57,35.8360996
"2868",1849.215,35.7192469
"2869",1849.86,35.6383842
"2870",1850.505,35.5744038
"2871",1851.15,35.4955881
"2872",1851.795,35.4160502
"2873",1852.44,35.3781501
"2874",1853.085,35.3755166
"2875",1853.73,35.3537926
"2876",1854.375,35.2279071
"2877",1855.02,34.9507588
"2878",1855.665,34.653038
"2879",1856.31,34.4612024
"2880",1856.955,34.3485389
"2881",1857.6,34.2632012
"2882",1858.245,34.1515419
"2883",1858.89,33.970216
"2884",1859.535,33.7311208
"2885",1860.18,33.4890154
"2886",1860.825,33.2767663
"2887",1861.47,33.0693214
"2888",1862.115,32.8396157
"2889",1862.76,32.6187886
"2890",1863.405,32.4655166
"2891",1864.05,32.3943106
"2892",1864.695,32.3871036
"2893",1865.34,32.4379693
"2894",1865.985,32.5480287
"2895",1866.63,32.6901169
"2896",1867.275,32.7971181
"2897",1867.92,32.8144637
"2898",1868.565,32.7584969
"2899",1869.21,32.6743627
"2900",1869.855,32.5908817
"2901",1870.5,32.5190915
"2902",1871.145,32.4446409
"2903",1871.79,32.343464
"2904",1872.435,32.1685814
"2905",1873.08,31.8662993
"2906",1873.725,31.5057919
"2907",1874.37,31.2173745
"2908",1875.015,31.0209752
"2909",1875.66,30.8651925
"2910",1876.305,30.7003888
"2911",1876.95,30.4915101
"2912",1877.595,30.2525735
"2913",1878.24,30.0916478
"2914",1878.885,30.0565243
"2915",1879.53,30.0779122
"2916",1880.175,30.0927476
"2917",1880.82,30.0762224
"2918",1881.465,30.0283551
"2919",1882.11,29.969409
"2920",1882.755,29.9305512
"2921",1883.4,29.9296418
"2922",1884.045,29.9550945
"2923",1884.69,29.9595879
"2924",1885.335,29.8455389
"2925",1885.98,29.534616
"2926",1886.625,29.1849931
"2927",1887.27,28.9734413
"2928",1887.915,28.8738869
"2929",1888.56,28.8064587
"2930",1889.205,28.7091664
"2931",1889.85,28.5705649
"2932",1890.495,28.4454628
"2933",1891.14,28.3560628
"2934",1891.785,28.2710194
"2935",1892.43,28.1815533
"2936",1893.075,28.1165471
"2937",1893.72,28.0986314
"2938",1894.365,28.1166173
"2939",1895.01,28.1293133
"2940",1895.655,28.1095547
"2941",1896.3,28.0704726666667
"2942",1896.945,28.07437475
"2943",1897.59,28.0768877777778
"2944",1898.235,28.0643913333333
"2945",1898.88,27.8478342
"2946",1899.525,27.5153657
"2947",1900.17,27.0475841
"2948",1900.815,26.6425112
"2949",1901.46,26.4341784
"2950",1902.105,26.3066665
"2951",1902.75,26.2211666
"2952",1903.395,26.160288
"2953",1904.04,26.0943424
"2954",1904.685,26.0003582
"2955",1905.33,25.8544005
"2956",1905.975,25.5664369
"2957",1906.62,25.1445507
"2958",1907.265,24.8685936
"2959",1907.91,24.751092
"2960",1908.555,24.714254
"2961",1909.2,24.726037
"2962",1909.845,24.7665685
"2963",1910.49,24.7956255
"2964",1911.135,24.7570634
"2965",1911.78,24.6473329
"2966",1912.425,24.5237871
"2967",1913.07,24.4411647
"2968",1913.715,24.3875318
"2969",1914.36,24.3080994
"2970",1915.005,24.1580224
"2971",1915.65,23.9948545
"2972",1916.295,23.8934652
"2973",1916.94,23.8411878
"2974",1917.585,23.8086155
"2975",1918.23,23.7657251
"2976",1918.875,23.6259716
"2977",1919.52,23.3070274
"2978",1920.165,22.9812527
"2979",1920.81,22.8005673
"2980",1921.455,22.7039856
"2981",1922.1,22.6352366
"2982",1922.745,22.5905839
"2983",1923.39,22.6024384
"2984",1924.035,22.6827421
"2985",1924.68,22.7775823
"2986",1925.325,22.8052354
"2987",1925.97,22.7468761
"2988",1926.615,22.6162244
"2989",1927.26,22.3738271
"2990",1927.905,22.035502
"2991",1928.55,21.7535343
"2992",1929.195,21.5715451
"2993",1929.84,21.4066525
"2994",1930.485,21.1968537
"2995",1931.13,20.9710271
"2996",1931.775,20.7794301
"2997",1932.42,20.6347871
"2998",1933.065,20.540013
"2999",1933.71,20.5017629
"3000",1934.355,20.5039872
"3001",1935,20.4877553
"3002",1935.645,20.3955125
"3003",1936.29,20.2399593
"3004",1936.935,20.0733537
"3005",1937.58,19.9238376
"3006",1938.225,19.7905302
"3007",1938.87,19.6629201
"3008",1939.515,19.5257099
"3009",1940.16,19.3803643
"3010",1940.805,19.2386578
"3011",1941.45,19.0941579
"3012",1942.095,18.9441778
"3013",1942.74,18.8325563
"3014",1943.385,18.7875707
"3015",1944.03,18.7714078
"3016",1944.675,18.735978
"3017",1945.32,18.6523384
"3018",1945.965,18.5206181
"3019",1946.61,18.3695549
"3020",1947.255,18.2100197
"3021",1947.9,18.0292535
"3022",1948.545,17.8535758
"3023",1949.19,17.7339783
"3024",1949.835,17.666929
"3025",1950.48,17.613633
"3026",1951.125,17.5563866
"3027",1951.77,17.4978821
"3028",1952.415,17.4151064
"3029",1953.06,17.2245302
"3030",1953.705,16.9551569
"3031",1954.35,16.7789082
"3032",1954.995,16.6729309
"3033",1955.64,16.5994845
"3034",1956.285,16.5430642
"3035",1956.93,16.4898454
"3036",1957.575,16.4229439
"3037",1958.22,16.3287231
"3038",1958.865,16.2096516
"3039",1959.51,16.083709
"3040",1960.155,15.9675859
"3041",1960.8,15.8400441
"3042",1961.445,15.628021
"3043",1962.09,15.3364792
"3044",1962.735,15.1203171
"3045",1963.38,15.0486794
"3046",1964.025,15.0848061
"3047",1964.67,15.1772865
"3048",1965.315,15.2663963
"3049",1965.96,15.2881352
"3050",1966.605,15.223959
"3051",1967.25,15.1307739
"3052",1967.895,15.0810017
"3053",1968.54,15.0959137
"3054",1969.185,15.14342
"3055",1969.83,15.1940301
"3056",1970.475,15.2526704
"3057",1971.12,15.327448
"3058",1971.765,15.3947862
"3059",1972.41,15.3352842
"3060",1973.055,14.7589584
"3061",1973.7,13.2240286666667
"3062",1974.345,12.7365705
"3063",1974.99,12.6951902
"3064",1975.635,12.7112102
"3065",1976.28,12.6405942
"3066",1976.925,12.4832509
"3067",1977.57,12.3528005
"3068",1978.215,12.2998814
"3069",1978.86,12.2800428
"3070",1979.505,12.2365254
"3071",1980.15,12.1291219
"3072",1980.795,11.9684178
"3073",1981.44,11.7876004
"3074",1982.085,11.5759342
"3075",1982.73,11.3185031
"3076",1983.375,11.0669133
"3077",1984.02,10.8768628
"3078",1984.665,10.7513386
"3079",1985.31,10.6580203
"3080",1985.955,10.5412532222222
"3081",1986.6,10.3925493333333
"3082",1987.245,10.2065031111111
"3083",1987.89,10.0212729
"3084",1988.535,9.8744321
"3085",1989.18,9.74068533333333
"3086",1989.825,9.6207775
"3087",1990.47,9.52669828571428
"3088",1991.115,9.447853
"3089",1991.76,9.13661383333333
"3090",1992.405,8.52650985714286
"3091",1993.05,8.0397405
"3092",1993.695,7.8374607
"3093",1994.34,7.7768612
"3094",1994.985,7.7988459
"3095",1995.63,7.8671611
"3096",1996.275,7.938483
"3097",1996.92,7.9542866
"3098",1997.565,7.8329931
"3099",1998.21,7.4864286
"3100",1998.855,6.9746787
"3101",1999.5,6.6339894
"3102",2000.145,6.4893459
"3103",2000.79,6.3778179
"3104",2001.435,6.2080869
"3105",2002.08,5.9849117
"3106",2002.725,5.7824085
"3107",2003.37,5.6472003
"3108",2004.015,5.5504383
"3109",2004.66,5.456052
"3110",2005.305,5.3718587
"3111",2005.95,5.3127584
"3112",2006.595,5.2433002
"3113",2007.24,5.1006994
"3114",2007.885,4.9065602
"3115",2008.53,4.7602894
"3116",2009.175,4.6689908
"3117",2009.82,4.570232
"3118",2010.465,4.4065968
"3119",2011.11,4.25945466666666
"3120",2011.755,NA
"3121",2012.4,NA
"3122",2013.045,NA
"3123",2013.69,NA
"3124",2014.335,NA
"3125",2014.98,NA
"3126",2015.625,NA
"3127",2016.27,NA
"3128",2016.915,NA
"3129",2017.56,NA
"3130",2018.205,NA
"3131",2018.85,NA
"3132",2019.495,NA
"3133",2020.14,NA
"3134",2020.785,NA
"3135",2021.43,NA
"3136",2022.075,NA
"3137",2022.72,NA
"3138",2023.365,NA
"3139",2024.01,NA
"3140",2024.655,NA
"3141",2025.3,NA
"3142",2025.945,NA
"3143",2026.59,NA
"3144",2027.235,NA
"3145",2027.88,NA
"3146",2028.525,NA
"3147",2029.17,NA
"3148",2029.815,NA
"3149",2030.46,NA
"3150",2031.105,NA
"3151",2031.75,NA
"3152",2032.395,NA
"3153",2033.04,NA
"3154",2033.685,NA
"3155",2034.33,NA
"3156",2034.975,NA
"3157",2035.62,NA
"3158",2036.265,4.9387285
"3159",2036.91,4.66196875
"3160",2037.555,4.3125425
"3161",2038.2,NA
"3162",2038.845,NA
"3163",2039.49,NA
"3164",2040.135,NA
"3165",2040.78,NA
"3166",2041.425,NA
"3167",2042.07,NA
"3168",2042.715,NA
"3169",2043.36,NA
"3170",2044.005,NA
"3171",2044.65,4.85685166666667
"3172",2045.295,5.26394
"3173",2045.94,5.187746625
"3174",2046.585,5.30496428571428
"3175",2047.23,4.49926975
"3176",2047.875,4.43813733333333
"3177",2048.52,4.339028
"3178",2049.165,NA
"3179",2049.81,NA
"3180",2050.455,4.5590675
"3181",2051.1,5.276781
"3182",2051.745,5.22398683333333
"3183",2052.39,5.1030636
"3184",2053.035,4.98496675
"3185",2053.68,5.04853466666667
"3186",2054.325,4.99977533333333
"3187",2054.97,4.912887
"3188",2055.615,4.8031545
"3189",2056.26,NA
"3190",2056.905,NA
"3191",2057.55,NA
"3192",2058.195,4.362595
"3193",2058.84,8.5358362
"3194",2059.485,7.5549004
"3195",2060.13,7.781917
"3196",2060.775,8.733095
"3197",2061.42,NA
"3198",2062.065,NA
"3199",2062.71,NA
"3200",2063.355,NA
"3201",2064,NA
"3202",2064.645,NA
"3203",2065.29,NA
"3204",2065.935,NA
"3205",2066.58,NA
"3206",2067.225,NA
"3207",2067.87,NA
"3208",2068.515,NA
"3209",2069.16,NA
"3210",2069.805,NA
"3211",2070.45,NA
"3212",2071.095,NA
"3213",2071.74,NA
"3214",2072.385,NA
"3215",2073.03,NA
"3216",2073.675,NA
"3217",2074.32,NA
"3218",2074.965,NA
"3219",2075.61,NA
"3220",2076.255,NA
"3221",2076.9,NA
"3222",2077.545,NA
"3223",2078.19,NA
"3224",2078.835,NA
"3225",2079.48,NA
"3226",2080.125,NA
"3227",2080.77,NA
"3228",2081.415,NA
"3229",2082.06,NA
"3230",2082.705,NA
"3231",2083.35,NA
"3232",2083.995,NA
"3233",2084.64,NA
"3234",2085.285,NA
"3235",2085.93,NA
"3236",2086.575,NA
"3237",2087.22,NA
"3238",2087.865,NA
"3239",2088.51,NA
"3240",2089.155,NA
"3241",2089.8,NA
"3242",2090.445,NA
"3243",2091.09,NA
"3244",2091.735,NA
"3245",2092.38,NA
"3246",2093.025,NA
"3247",2093.67,NA
"3248",2094.315,NA
"3249",2094.96,NA
"3250",2095.605,NA
"3251",2096.25,NA
"3252",2096.895,NA
"3253",2097.54,NA
"3254",2098.185,NA
"3255",2098.83,NA
"3256",2099.475,NA
"3257",2100.12,NA
"3258",2100.765,NA
"3259",2101.41,NA
"3260",2102.055,NA
"3261",2102.7,NA
"3262",2103.345,NA
"3263",2103.99,NA
"3264",2104.635,NA
"3265",2105.28,NA
"3266",2105.925,NA
"3267",2106.57,NA
"3268",2107.215,NA
"3269",2107.86,NA
"3270",2108.505,NA
"3271",2109.15,NA
"3272",2109.795,NA
"3273",2110.44,NA
"3274",2111.085,NA
"3275",2111.73,NA
"3276",2112.375,NA
"3277",2113.02,NA
"3278",2113.665,NA
"3279",2114.31,NA
"3280",2114.955,NA
"3281",2115.6,NA
"3282",2116.245,NA
"3283",2116.89,NA
"3284",2117.535,NA
"3285",2118.18,NA
"3286",2118.825,NA
"3287",2119.47,NA
"3288",2120.115,NA
"3289",2120.76,NA
"3290",2121.405,NA
"3291",2122.05,NA
"3292",2122.695,NA
"3293",2123.34,NA
"3294",2123.985,NA
"3295",2124.63,NA
"3296",2125.275,NA
"3297",2125.92,NA
"3298",2126.565,NA
"3299",2127.21,NA
"3300",2127.855,NA
"3301",2128.5,NA
"3302",2129.145,NA
"3303",2129.79,NA
"3304",2130.435,NA
"3305",2131.08,NA
"3306",2131.725,NA
"3307",2132.37,NA
"3308",2133.015,NA
"3309",2133.66,NA
"3310",2134.305,NA
"3311",2134.95,NA
"3312",2135.595,NA
"3313",2136.24,NA
"3314",2136.885,NA
"3315",2137.53,NA
"3316",2138.175,NA
"3317",2138.82,NA
"3318",2139.465,NA
"3319",2140.11,NA
"3320",2140.755,NA
"3321",2141.4,NA
"3322",2142.045,NA
"3323",2142.69,NA
"3324",2143.335,NA
"3325",2143.98,NA
"3326",2144.625,NA
"3327",2145.27,NA
"3328",2145.915,NA
"3329",2146.56,NA
"3330",2147.205,NA
"3331",2147.85,NA
"3332",2148.495,NA
"3333",2149.14,NA
"3334",2149.785,NA
"3335",2150.43,NA
"3336",2151.075,NA
"3337",2151.72,NA
"3338",2152.365,NA
"3339",2153.01,NA
"3340",2153.655,NA
"3341",2154.3,NA
"3342",2154.945,NA
"3343",2155.59,NA
"3344",2156.235,NA
"3345",2156.88,NA
"3346",2157.525,NA
